md5,sha1,sha256,subject,subject_common_name,subject_organizational_unit,subject_organization,subject_locality,subject_state,subject_country,subject_email,issuer,issuer_common_name,issuer_organizational_unit,issuer_organization,issuer_locality,issuer_state,issuer_country,issuer_email,serial,hash_algo,signature_algo,valid_not_before,valid_not_after
bf54f77255d22db731b141fc8de8860b,D8:A6:33:2C:E0:03:6F:B1:85:F6:63:4F:7D:6A:06:65:26:32:28:27,70:A7:3F:7F:37:6B:60:07:42:48:90:45:34:B1:14:82:D5:BF:0E:69:8E:CC:49:8D:F5:25:77:EB:F2:E9:3B:9A, C=US O=AffirmTrust CN=AffirmTrust Premium,AffirmTrust Premium,,AffirmTrust,,,US,, C=US O=AffirmTrust CN=AffirmTrust Premium,AffirmTrust Premium,,AffirmTrust,,,US,,7893706540734352110,sha384WithRSAEncryption,sha384WithRSAEncryption,2010-01-29 14:10:36,2040-12-31 14:10:36
c1edf460cdfd78d5c4e6bb4a5ecf7b01,8A:C7:AD:8F:73:AC:4E:C1:B5:75:4D:A5:40:F4:FC:CF:7C:B5:8E:8C,40:F6:AF:03:46:A9:9A:A1:CD:1D:55:5A:4E:9C:CE:62:C7:F9:63:46:03:EE:40:66:15:83:3D:C8:C8:D0:03:67, C=IN OU=emSign PKI O=eMudhra Technologies Limited CN=emSign Root CA - G1,emSign Root CA - G1,emSign PKI,eMudhra Technologies Limited,,,IN,, C=IN OU=emSign PKI O=eMudhra Technologies Limited CN=emSign Root CA - G1,emSign Root CA - G1,emSign PKI,eMudhra Technologies Limited,,,IN,,235931866688319308814040,sha256WithRSAEncryption,sha256WithRSAEncryption,2018-02-18 18:30:00,2043-02-18 18:30:00
46d1bfcd318a343d84fccd2a4e2b50db,5F:3B:8C:F2:F8:10:B3:7D:78:B4:CE:EC:19:19:C3:73:34:B9:C7:74,51:3B:2C:EC:B8:10:D4:CD:E5:DD:85:39:1A:DF:C6:C2:DD:60:D8:7B:B7:36:D2:B5:21:48:4A:A4:7A:0E:BE:F6," C=JP O=SECOM Trust Systems CO.,LTD. OU=Security Communication RootCA2",,Security Communication RootCA2,"SECOM Trust Systems CO.,LTD.",,,JP,," C=JP O=SECOM Trust Systems CO.,LTD. OU=Security Communication RootCA2",,Security Communication RootCA2,"SECOM Trust Systems CO.,LTD.",,,JP,,0,sha256WithRSAEncryption,sha256WithRSAEncryption,2009-05-29 05:00:39,2029-05-29 05:00:39
4bbcc916e04a38a39a209514a39b4d1d,0F:F9:40:76:18:D3:D7:6A:4B:98:F0:A8:35:9E:0C:FD:27:AC:CC:ED,6B:9C:08:E8:6E:B0:F7:67:CF:AD:65:CD:98:B6:21:49:E5:49:4A:67:F5:84:5E:7B:D1:ED:01:9F:27:B8:6B:D6, C=CH O=WISeKey OU=OISTE Foundation Endorsed CN=OISTE WISeKey Global Root GB CA,OISTE WISeKey Global Root GB CA,OISTE Foundation Endorsed,WISeKey,,,CH,, C=CH O=WISeKey OU=OISTE Foundation Endorsed CN=OISTE WISeKey Global Root GB CA,OISTE WISeKey Global Root GB CA,OISTE Foundation Endorsed,WISeKey,,,CH,,157768595616588414422159278966750757568,sha256WithRSAEncryption,sha256WithRSAEncryption,2014-12-01 15:00:32,2039-12-01 15:10:31
f11bdd1132726537259db0480eccd912,B8:BE:6D:CB:56:F1:55:B9:63:D4:12:CA:4E:06:34:C7:94:B2:1C:C0,07:53:E9:40:37:8C:1B:D5:E3:83:6E:39:5D:AE:A5:CB:83:9E:50:46:F1:BD:0E:AE:19:51:CF:10:FE:C7:C9:65, C=PA ST=Panama L=Panama City O=TrustCor Systems S. de R.L. OU=TrustCor Certificate Authority CN=TrustCor RootCert CA-2,TrustCor RootCert CA-2,TrustCor Certificate Authority,TrustCor Systems S. de R.L.,Panama City,Panama,PA,, C=PA ST=Panama L=Panama City O=TrustCor Systems S. de R.L. OU=TrustCor Certificate Authority CN=TrustCor RootCert CA-2,TrustCor RootCert CA-2,TrustCor Certificate Authority,TrustCor Systems S. de R.L.,Panama City,Panama,PA,,2711694510199101698,sha256WithRSAEncryption,sha256WithRSAEncryption,2016-02-04 12:32:23,2034-12-31 17:26:39
073456c352499019d7afeec9b23b0f11,F6:10:84:07:D6:F8:BB:67:98:0C:C2:E2:44:C2:EB:AE:1C:EF:63:BE,E3:5D:28:41:9E:D0:20:25:CF:A6:90:38:CD:62:39:62:45:8D:A5:C6:95:FB:DE:A3:C2:2B:0B:FB:25:89:70:92, C=US O=Amazon CN=Amazon Root CA 4,Amazon Root CA 4,,Amazon,,,US,, C=US O=Amazon CN=Amazon Root CA 4,Amazon Root CA 4,,Amazon,,,US,,143266989758080763974105200630763877849284878,ecdsa-with-SHA384,ecdsa-with-SHA384,2015-05-26 00:00:00,2040-05-26 00:00:00
4c5544f1ebbc3ead956d58b5afd9ce23,E7:F3:A3:C8:CF:6F:C3:04:2E:6D:0E:67:32:C5:9E:68:95:0D:5E:D2,55:90:38:59:C8:C0:C3:EB:B8:75:9E:CE:4E:25:57:22:5F:F5:75:8B:BD:38:EB:D4:82:76:60:1E:1B:D5:80:97," C=US ST=Illinois L=Chicago O=Trustwave Holdings, Inc. CN=Trustwave Global ECC P384 Certification Authority",Trustwave Global ECC P384 Certification Authority,,"Trustwave Holdings, Inc.",Chicago,Illinois,US,," C=US ST=Illinois L=Chicago O=Trustwave Holdings, Inc. CN=Trustwave Global ECC P384 Certification Authority",Trustwave Global ECC P384 Certification Authority,,"Trustwave Holdings, Inc.",Chicago,Illinois,US,,2704997926503831671788816187,ecdsa-with-SHA384,ecdsa-with-SHA384,2017-08-23 19:36:43,2042-08-23 19:36:43
bbd73f29d8333cfcda58f4749ca1b231,9F:74:4E:9F:2B:4D:BA:EC:0F:31:2C:50:B6:56:3B:8E:2D:93:C3:11,17:93:92:7A:06:14:54:97:89:AD:CE:2F:8F:34:F7:F0:B6:6D:0F:3A:E3:A3:B8:4D:21:EC:15:DB:BA:4F:AD:C7, C=GB ST=Greater Manchester L=Salford O=COMODO CA Limited CN=COMODO ECC Certification Authority,COMODO ECC Certification Authority,,COMODO CA Limited,Salford,Greater Manchester,GB,, C=GB ST=Greater Manchester L=Salford O=COMODO CA Limited CN=COMODO ECC Certification Authority,COMODO ECC Certification Authority,,COMODO CA Limited,Salford,Greater Manchester,GB,,41578283867086692638256921589707938090,ecdsa-with-SHA384,ecdsa-with-SHA384,2008-03-06 00:00:00,2038-01-18 23:59:59
c93491089fc7ae48ab3d8fb417029f61,0D:44:DD:8C:3C:8C:1A:1A:58:75:64:81:E9:0F:2E:2A:FF:B3:D2:6E,18:CE:6C:FE:7B:F1:4E:60:B2:E3:47:B8:DF:E8:68:CB:31:D0:2E:BB:3A:DA:27:15:69:F5:03:43:B4:6D:B3:A4, C=US O=Amazon CN=Amazon Root CA 3,Amazon Root CA 3,,Amazon,,,US,, C=US O=Amazon CN=Amazon Root CA 3,Amazon Root CA 3,,Amazon,,,US,,143266986699090766294700635381230934788665930,ecdsa-with-SHA256,ecdsa-with-SHA256,2015-05-26 00:00:00,2040-05-26 00:00:00
083f1dbc19d823817a3f94652010dbaf,AD:7E:1C:28:B0:64:EF:8F:60:03:40:20:14:C3:D0:E3:37:0E:B5:8A,14:65:FA:20:53:97:B8:76:FA:A6:F0:A9:95:8E:55:90:E4:0F:CC:7F:AA:4F:B7:C2:C8:67:75:21:FB:5F:B6:58," C=US O=Starfield Technologies, Inc. OU=Starfield Class 2 Certification Authority",,Starfield Class 2 Certification Authority,"Starfield Technologies, Inc.",,,US,," C=US O=Starfield Technologies, Inc. OU=Starfield Class 2 Certification Authority",,Starfield Class 2 Certification Authority,"Starfield Technologies, Inc.",,,US,,0,sha1WithRSAEncryption,sha1WithRSAEncryption,2004-06-29 17:39:16,2034-06-29 17:39:16
066f430cb9cef81671967f776d6a074c,FF:BD:CD:E7:82:C8:43:5E:3C:6F:26:86:5C:CA:A8:3A:45:5B:C3:0A,D4:0E:9C:86:CD:8F:E4:68:C1:77:69:59:F4:9E:A7:74:FA:54:86:84:B6:C4:06:F3:90:92:61:F4:DC:E2:57:5C, C=PA ST=Panama L=Panama City O=TrustCor Systems S. de R.L. OU=TrustCor Certificate Authority CN=TrustCor RootCert CA-1,TrustCor RootCert CA-1,TrustCor Certificate Authority,TrustCor Systems S. de R.L.,Panama City,Panama,PA,, C=PA ST=Panama L=Panama City O=TrustCor Systems S. de R.L. OU=TrustCor Certificate Authority CN=TrustCor RootCert CA-1,TrustCor RootCert CA-1,TrustCor Certificate Authority,TrustCor Systems S. de R.L.,Panama City,Panama,PA,,15752444095811006489,sha256WithRSAEncryption,sha256WithRSAEncryption,2016-02-04 12:32:16,2029-12-31 17:23:16
18572717caddeace656b0913e4c6bb4d,2F:78:3D:25:52:18:A7:4A:65:39:71:B5:2C:A2:9C:45:15:6F:E9:19,25:30:CC:8E:98:32:15:02:BA:D9:6F:9B:1F:BA:1B:09:9E:2D:29:9E:0F:45:48:BB:91:4F:36:3B:C0:D4:53:1F, C=ES O=IZENPE S.A. CN=Izenpe.com,Izenpe.com,,IZENPE S.A.,,,ES,, C=ES O=IZENPE S.A. CN=Izenpe.com,Izenpe.com,,IZENPE S.A.,,,ES,,917563065490389241595536686991402621,sha256WithRSAEncryption,sha256WithRSAEncryption,2007-12-13 13:08:28,2037-12-13 08:27:25
cb7d01a8ee984f758034bb48fa95876c,5F:43:E5:B1:BF:F8:78:8C:AC:1C:C7:CA:4A:9A:C6:22:2B:CC:34:C6,96:0A:DF:00:63:E9:63:56:75:0C:29:65:DD:0A:08:67:DA:0B:9C:BD:6E:77:71:4A:EA:FB:23:49:AB:39:3D:A3," O=Cybertrust, Inc CN=Cybertrust Global Root",Cybertrust Global Root,,"Cybertrust, Inc",,,,," O=Cybertrust, Inc CN=Cybertrust Global Root",Cybertrust Global Root,,"Cybertrust, Inc",,,,,4835703278459682877484360,sha1WithRSAEncryption,sha1WithRSAEncryption,2006-12-15 08:00:00,2021-12-15 08:00:00
71041a951c3028b271741d0e2dd31b10,9F:F1:71:8D:92:D5:9A:F3:7D:74:97:B4:BC:6F:84:68:0B:BA:B6:66,44:B5:45:AA:8A:25:E6:5A:73:CA:15:DC:27:FC:36:D2:4C:1C:B9:95:3A:06:65:39:B1:15:82:DC:48:7B:48:33, C=GR L=Athens O=Hellenic Academic and Research Institutions Cert. Authority CN=Hellenic Academic and Research Institutions ECC RootCA 2015,Hellenic Academic and Research Institutions ECC RootCA 2015,,Hellenic Academic and Research Institutions Cert. Authority,Athens,,GR,, C=GR L=Athens O=Hellenic Academic and Research Institutions Cert. Authority CN=Hellenic Academic and Research Institutions ECC RootCA 2015,Hellenic Academic and Research Institutions ECC RootCA 2015,,Hellenic Academic and Research Institutions Cert. Authority,Athens,,GR,,0,ecdsa-with-SHA256,ecdsa-with-SHA256,2015-07-07 10:37:12,2040-06-30 10:37:12
7f3d2e0609ee8a6301a7c28e81f32c5a,3B:C0:38:0B:33:C3:F6:A6:0C:86:15:22:93:D9:DF:F5:4B:81:C0:04,C1:B4:82:99:AB:A5:20:8F:E9:63:0A:CE:55:CA:68:A0:3E:DA:5A:51:9C:88:02:A0:D3:A6:73:BE:8F:8E:55:7D, C=GB O=Trustis Limited OU=Trustis FPS Root CA,,Trustis FPS Root CA,Trustis Limited,,,GB,, C=GB O=Trustis Limited OU=Trustis FPS Root CA,,Trustis FPS Root CA,Trustis Limited,,,GB,,36053640375399034304724988975563710553,sha1WithRSAEncryption,sha1WithRSAEncryption,2003-12-23 12:14:06,2024-01-21 11:36:54
d5bb1a6a38ef74372e8ce747f3ad6b3d,B1:2E:13:63:45:86:A4:6F:1A:B2:60:68:37:58:2D:C4:AC:FD:94:97,E3:B6:A2:DB:2E:D7:CE:48:84:2F:7A:C5:32:41:C7:B7:1D:54:14:4B:FB:40:C1:1F:3F:1D:0B:42:F5:EE:A1:2D, C=FR O=Dhimyotis CN=Certigna,Certigna,,Dhimyotis,,,FR,, C=FR O=Dhimyotis CN=Certigna,Certigna,,Dhimyotis,,,FR,,18364802974209362175,sha1WithRSAEncryption,sha1WithRSAEncryption,2007-06-29 15:13:05,2027-06-29 15:13:05
150197b4c7ebc81ad77c9d22b04c9610,07:E0:32:E0:20:B7:2C:3F:19:2F:06:28:A2:59:3A:19:A7:0F:06:9E,5C:58:46:8D:55:F5:8E:49:7E:74:39:82:D2:B5:00:10:B6:D1:65:37:4A:CF:83:A7:D4:A3:2D:B7:68:C4:40:8E, C=PL O=Unizeto Technologies S.A. OU=Certum Certification Authority CN=Certum Trusted Network CA,Certum Trusted Network CA,Certum Certification Authority,Unizeto Technologies S.A.,,,PL,, C=PL O=Unizeto Technologies S.A. OU=Certum Certification Authority CN=Certum Trusted Network CA,Certum Trusted Network CA,Certum Certification Authority,Unizeto Technologies S.A.,,,PL,,279744,sha1WithRSAEncryption,sha1WithRSAEncryption,2008-10-22 12:07:37,2029-12-31 12:07:37
1dbba70ea6d29aec84b6f6f7570cb38f,D6:9B:56:11:48:F0:1C:77:C5:45:78:C1:09:26:DF:5B:85:69:76:AD,CB:B5:22:D7:B7:F1:27:AD:6A:01:13:86:5B:DF:1C:D4:10:2E:7D:07:59:AF:63:5A:7C:F4:72:0D:C9:63:C5:3B, OU=GlobalSign Root CA - R3 O=GlobalSign CN=GlobalSign,GlobalSign,GlobalSign Root CA - R3,GlobalSign,,,,, OU=GlobalSign Root CA - R3 O=GlobalSign CN=GlobalSign,GlobalSign,GlobalSign Root CA - R3,GlobalSign,,,,,4835703278459759426209954,sha256WithRSAEncryption,sha256WithRSAEncryption,2009-03-18 10:00:00,2029-03-18 10:00:00
782330b2574ad86cc11a0b1c08be05b4,3A:44:73:5A:E5:81:90:1F:24:86:61:46:1E:3B:9C:C4:5F:F5:3A:1B,42:00:F5:04:3A:C8:59:0E:BB:52:7D:20:9E:D1:50:30:29:FB:CB:D4:1C:A1:B5:06:EC:27:F1:5A:DE:7D:AC:69, C=US O=SecureTrust Corporation CN=Secure Global CA,Secure Global CA,,SecureTrust Corporation,,,US,, C=US O=SecureTrust Corporation CN=Secure Global CA,Secure Global CA,,SecureTrust Corporation,,,US,,9751836167731051554232119481456978597,sha1WithRSAEncryption,sha1WithRSAEncryption,2006-11-07 19:42:28,2029-12-31 19:52:06
45e068394f5f973d29fae28981234f83,D2:73:96:2A:2A:5E:39:9F:73:3F:E1:C7:1E:64:3F:03:38:34:FC:4D,C4:5D:7B:B0:8E:6D:67:E6:2E:42:35:11:0B:56:4E:5F:78:FD:92:EF:05:8C:84:0A:EA:4E:64:55:D7:58:5C:60, C=US O=Google Trust Services LLC CN=GTS Root R2,GTS Root R2,,Google Trust Services LLC,,,US,, C=US O=Google Trust Services LLC CN=GTS Root R2,GTS Root R2,,Google Trust Services LLC,,,US,,146587176055767053814479386953112547951,sha384WithRSAEncryption,sha384WithRSAEncryption,2016-06-22 00:00:00,2036-06-22 00:00:00
b301602616d7aa323682b30632e642d8,EC:50:35:07:B2:15:C4:95:62:19:E2:A8:9A:5B:42:99:2C:4C:2C:20,EB:C5:57:0C:29:01:8C:4D:67:B1:AA:12:7B:AF:12:F7:03:B4:61:1E:BC:17:B7:DA:B5:57:38:94:17:9B:93:FA, C=ES O=FNMT-RCM OU=AC RAIZ FNMT-RCM,,AC RAIZ FNMT-RCM,FNMT-RCM,,,ES,, C=ES O=FNMT-RCM OU=AC RAIZ FNMT-RCM,,AC RAIZ FNMT-RCM,FNMT-RCM,,,ES,,485876308206448804701554682760554759,sha256WithRSAEncryption,sha256WithRSAEncryption,2008-10-29 15:59:56,2030-01-01 00:00:00
072e4941c7dc2da4cb32d5d19b2f6f88,2B:B1:F5:3E:55:0C:1D:C5:F1:D4:E6:B7:6A:46:4B:55:06:02:AC:21,F3:56:BE:A2:44:B7:A9:1E:B3:5D:53:CA:9A:D7:86:4A:CE:01:8E:2D:35:D5:F8:F9:6D:DF:68:A6:F4:1A:A4:74, CN=Atos TrustedRoot 2011 O=Atos C=DE,Atos TrustedRoot 2011,,Atos,,,DE,, CN=Atos TrustedRoot 2011 O=Atos C=DE,Atos TrustedRoot 2011,,Atos,,,DE,,6643877497813316402,sha256WithRSAEncryption,sha256WithRSAEncryption,2011-07-07 14:58:30,2030-12-31 23:59:59
8686a5fe0fd6a10d3d21c066aee5573d,1B:8E:EA:57:96:29:1A:C9:39:EA:B8:0A:81:1A:73:73:C0:93:79:67,8A:86:6F:D1:B2:76:B5:7E:57:8E:92:1C:65:82:8A:2B:ED:58:E9:F2:F2:88:05:41:34:B7:F1:F4:BF:C9:CC:74, C=BM O=QuoVadis Limited CN=QuoVadis Root CA 1 G3,QuoVadis Root CA 1 G3,,QuoVadis Limited,,,BM,, C=BM O=QuoVadis Limited CN=QuoVadis Root CA 1 G3,QuoVadis Root CA 1 G3,,QuoVadis Limited,,,BM,,687049649626669250736271037606554624078720034195,sha256WithRSAEncryption,sha256WithRSAEncryption,2012-01-12 17:27:44,2042-01-12 17:27:44
c677e17ceabba405d3b0bd993f071ad1,31:43:64:9B:EC:CE:27:EC:ED:3A:3F:0B:8F:0D:E4:E8:91:DD:EE:CA,46:ED:C3:68:90:46:D5:3A:45:3F:B3:10:4A:B8:0D:CA:EC:65:8B:26:60:EA:16:29:DD:7E:86:79:90:64:87:16, C=TR L=Gebze - Kocaeli O=Turkiye Bilimsel ve Teknolojik Arastirma Kurumu - TUBITAK OU=Kamu Sertifikasyon Merkezi - Kamu SM CN=TUBITAK Kamu SM SSL Kok Sertifikasi - Surum 1,TUBITAK Kamu SM SSL Kok Sertifikasi - Surum 1,Kamu Sertifikasyon Merkezi - Kamu SM,Turkiye Bilimsel ve Teknolojik Arastirma Kurumu - TUBITAK,Gebze - Kocaeli,,TR,, C=TR L=Gebze - Kocaeli O=Turkiye Bilimsel ve Teknolojik Arastirma Kurumu - TUBITAK OU=Kamu Sertifikasyon Merkezi - Kamu SM CN=TUBITAK Kamu SM SSL Kok Sertifikasi - Surum 1,TUBITAK Kamu SM SSL Kok Sertifikasi - Surum 1,Kamu Sertifikasyon Merkezi - Kamu SM,Turkiye Bilimsel ve Teknolojik Arastirma Kurumu - TUBITAK,Gebze - Kocaeli,,TR,,1,sha256WithRSAEncryption,sha256WithRSAEncryption,2013-11-25 08:25:55,2043-10-25 08:25:55
fbe2f56208c827b428c0fdcdbb833197,E2:52:FA:95:3F:ED:DB:24:60:BD:6E:28:F3:9C:CC:CF:5E:B3:3F:DE,A1:33:9D:33:28:1A:0B:56:E5:57:D3:D3:2B:1C:E7:F9:36:7E:B0:94:BD:5F:A7:2A:7E:50:04:C8:DE:D7:CA:FE, C=PL O=Krajowa Izba Rozliczeniowa S.A. CN=SZAFIR ROOT CA2,SZAFIR ROOT CA2,,Krajowa Izba Rozliczeniowa S.A.,,,PL,, C=PL O=Krajowa Izba Rozliczeniowa S.A. CN=SZAFIR ROOT CA2,SZAFIR ROOT CA2,,Krajowa Izba Rozliczeniowa S.A.,,,PL,,357043034767186914217277344587386743377558296292,sha256WithRSAEncryption,sha256WithRSAEncryption,2015-10-19 07:43:30,2035-10-19 07:43:30
ebd6a1838d3c981fbdeb5d9998e4c5a5,8F:6B:F2:A9:27:4A:DA:14:A0:C4:F4:8E:61:27:F9:C0:1E:78:5D:D1,88:F4:38:DC:F8:FF:D1:FA:8F:42:91:15:FF:E5:F8:2A:E1:E0:6E:0C:70:C3:75:FA:AD:71:7B:34:A4:9E:72:65, C=KR O=NAVER BUSINESS PLATFORM Corp. CN=NAVER Global Root Certification Authority,NAVER Global Root Certification Authority,,NAVER BUSINESS PLATFORM Corp.,,,KR,, C=KR O=NAVER BUSINESS PLATFORM Corp. CN=NAVER Global Root Certification Authority,NAVER Global Root Certification Authority,,NAVER BUSINESS PLATFORM Corp.,,,KR,,9013692873798656336226253319739695165984492813,sha384WithRSAEncryption,sha384WithRSAEncryption,2017-08-18 08:58:42,2037-08-18 23:59:59
f26ad3686116304055b78bf9140fe002,D3:DD:48:3E:2B:BF:4C:05:E8:AF:10:F5:FA:76:26:CF:D3:DC:30:92,B6:76:F2:ED:DA:E8:77:5C:D3:6C:B0:F6:3C:D1:D4:60:39:61:F4:9E:62:65:BA:01:3A:2F:03:07:B6:D0:B8:04, C=PL O=Unizeto Technologies S.A. OU=Certum Certification Authority CN=Certum Trusted Network CA 2,Certum Trusted Network CA 2,Certum Certification Authority,Unizeto Technologies S.A.,,,PL,, C=PL O=Unizeto Technologies S.A. OU=Certum Certification Authority CN=Certum Trusted Network CA 2,Certum Trusted Network CA 2,Certum Certification Authority,Unizeto Technologies S.A.,,,PL,,44979900017204383099463764357512596969,sha512WithRSAEncryption,sha512WithRSAEncryption,2011-10-06 08:39:56,2046-10-06 08:39:56
b66fd657964bd6c130c5c4e1d2fca74e,DE:3F:40:BD:50:93:D3:9B:6C:60:F6:DA:BC:07:62:01:00:89:76:C9,A4:5E:DE:3B:BB:F0:9C:8A:E1:5C:72:EF:C0:72:68:D6:93:A2:1C:99:6F:D5:1E:67:CA:07:94:60:FD:6D:88:73, C=BM O=QuoVadis Limited OU=Root Certification Authority CN=QuoVadis Root Certification Authority,QuoVadis Root Certification Authority,Root Certification Authority,QuoVadis Limited,,,BM,, C=BM O=QuoVadis Limited OU=Root Certification Authority CN=QuoVadis Root Certification Authority,QuoVadis Root Certification Authority,Root Certification Authority,QuoVadis Limited,,,BM,,985026699,sha1WithRSAEncryption,sha1WithRSAEncryption,2001-03-19 18:33:33,2021-03-17 18:33:33
3ef334617b4138ecbf021d0f5e9a0b00,E7:2E:F1:DF:FC:B2:09:28:CF:5D:D4:D5:67:37:B1:51:CB:86:4F:01,12:56:09:AA:30:1D:A0:A2:49:B9:7A:82:39:CB:6A:34:21:6F:44:DC:AC:9F:39:54:B1:42:92:F2:E8:C8:60:8F, C=US OU=emSign PKI O=eMudhra Inc CN=emSign Root CA - C1,emSign Root CA - C1,emSign PKI,eMudhra Inc,,,US,, C=US OU=emSign PKI O=eMudhra Inc CN=emSign Root CA - C1,emSign Root CA - C1,emSign PKI,eMudhra Inc,,,US,,825510296613316004955058,sha256WithRSAEncryption,sha256WithRSAEncryption,2018-02-18 18:30:00,2043-02-18 18:30:00
acd26055c24b41fecc8a34c4778f3cc8,B7:AB:33:08:D1:EA:44:77:BA:14:80:12:5A:6F:BD:A9:36:49:0C:BB,85:66:6A:56:2E:E0:BE:5C:E9:25:C1:D8:89:0A:6F:76:A8:7E:C1:6D:4D:7D:5F:29:EA:74:19:CF:20:12:3B:69, C=US ST=Texas L=Houston O=SSL Corporation CN=SSL.com Root Certification Authority RSA,SSL.com Root Certification Authority RSA,,SSL Corporation,Houston,Texas,US,, C=US ST=Texas L=Houston O=SSL Corporation CN=SSL.com Root Certification Authority RSA,SSL.com Root Certification Authority RSA,,SSL Corporation,Houston,Texas,US,,8875640296558310041,sha256WithRSAEncryption,sha256WithRSAEncryption,2016-02-12 17:39:39,2041-02-12 17:39:39
5d1fed278f9f3e45fde0bbaae271ec3e,89:DF:74:FE:5C:F4:0F:4A:80:F9:E3:37:7D:54:DA:91:E1:01:31:8E,3C:5F:81:FE:A5:FA:B8:2C:64:BF:A2:EA:EC:AF:CD:E8:E0:77:FC:86:20:A7:CA:E5:37:16:3D:F3:6E:DB:F3:78, C=HU L=Budapest O=Microsec Ltd. CN=Microsec e-Szigno Root CA 2009 emailAddress=info@e-szigno.hu,Microsec e-Szigno Root CA 2009,,Microsec Ltd.,Budapest,,HU,info@e-szigno.hu, C=HU L=Budapest O=Microsec Ltd. CN=Microsec e-Szigno Root CA 2009 emailAddress=info@e-szigno.hu,Microsec e-Szigno Root CA 2009,,Microsec Ltd.,Budapest,,HU,info@e-szigno.hu,14014712776195784473,sha256WithRSAEncryption,sha256WithRSAEncryption,2009-06-16 11:30:18,2029-12-30 11:30:18
c6e86af598f3ed94c0b994c5c2cfaeab,48:12:BD:92:3C:A8:C4:39:06:E7:30:6D:27:96:E6:A4:CF:22:2E:7D,88:EF:81:DE:20:2E:B0:18:45:2E:43:F8:64:72:5C:EA:5F:BD:1F:C2:D9:D2:05:73:07:09:C5:D8:B8:69:0F:46, C=BM O=QuoVadis Limited CN=QuoVadis Root CA 3 G3,QuoVadis Root CA 3 G3,,QuoVadis Limited,,,BM,, C=BM O=QuoVadis Limited CN=QuoVadis Root CA 3 G3,QuoVadis Root CA 3 G3,,QuoVadis Limited,,,BM,,268090761170461462463995952157327242137089239581,sha256WithRSAEncryption,sha256WithRSAEncryption,2012-01-12 20:26:32,2042-01-12 20:26:32
9ec05a8e14fa1bc0559eb0a5d3f5b33a,30:43:FA:4F:F2:57:DC:A0:C3:80:EE:2E:58:EA:78:B2:3F:E6:BB:C1,86:A1:EC:BA:08:9C:4A:8D:3B:BE:27:34:C6:12:BA:34:1D:81:3E:04:3C:F9:E8:A8:62:CD:5C:57:A3:6B:BE:6B, C=IN OU=emSign PKI O=eMudhra Technologies Limited CN=emSign ECC Root CA - G3,emSign ECC Root CA - G3,emSign PKI,eMudhra Technologies Limited,,,IN,, C=IN OU=emSign PKI O=eMudhra Technologies Limited CN=emSign ECC Root CA - G3,emSign ECC Root CA - G3,emSign PKI,eMudhra Technologies Limited,,,IN,,287880440101571086945156,ecdsa-with-SHA384,ecdsa-with-SHA384,2018-02-18 18:30:00,2043-02-18 18:30:00
9a8147a55af73b84d5e55ccbf47d45c6,96:C9:1B:0B:95:B4:10:98:42:FA:D0:D8:22:79:FE:60:FA:B9:16:83,EE:C5:49:6B:98:8C:E9:86:25:B9:34:09:2E:EC:29:08:BE:D0:B0:F3:16:C2:D4:73:0C:84:EA:F1:F3:D3:48:81, C=DE O=D-Trust GmbH CN=D-TRUST Root Class 3 CA 2 EV 2009,D-TRUST Root Class 3 CA 2 EV 2009,,D-Trust GmbH,,,DE,, C=DE O=D-Trust GmbH CN=D-TRUST Root Class 3 CA 2 EV 2009,D-TRUST Root Class 3 CA 2 EV 2009,,D-Trust GmbH,,,DE,,623604,sha256WithRSAEncryption,sha256WithRSAEncryption,2009-11-05 08:50:46,2029-11-05 08:50:46
43c94a5add3b1a39a672da1a611240f2,DA:FA:F7:FA:66:84:EC:06:8F:14:50:BD:C7:C2:81:A5:BC:A9:64:57,ED:F7:EB:BC:A2:7A:2A:38:4D:38:7B:7D:40:10:C6:66:E2:ED:B4:84:3E:4C:29:B4:AE:1D:5B:93:32:E6:B2:4D, C=NO O=Buypass AS-983163327 CN=Buypass Class 3 Root CA,Buypass Class 3 Root CA,,Buypass AS-983163327,,,NO,, C=NO O=Buypass AS-983163327 CN=Buypass Class 3 Root CA,Buypass Class 3 Root CA,,Buypass AS-983163327,,,NO,,2,sha256WithRSAEncryption,sha256WithRSAEncryption,2010-10-26 08:28:58,2040-10-26 08:28:58
409499b6895bf3144ab265f7dad84bdc,B4:90:82:DD:45:0C:BE:8B:5B:B1:66:D3:E2:A4:08:26:CD:ED:42:CF,94:5B:BC:82:5E:A5:54:F4:89:D1:FD:51:A7:3D:DF:2E:A6:24:AC:70:19:A0:52:05:22:5C:22:A7:8C:CF:A8:B4," C=US ST=Illinois L=Chicago O=Trustwave Holdings, Inc. CN=Trustwave Global ECC P256 Certification Authority",Trustwave Global ECC P256 Certification Authority,,"Trustwave Holdings, Inc.",Chicago,Illinois,US,," C=US ST=Illinois L=Chicago O=Trustwave Holdings, Inc. CN=Trustwave Global ECC P256 Certification Authority",Trustwave Global ECC P256 Certification Authority,,"Trustwave Holdings, Inc.",Chicago,Illinois,US,,4151900041497450638097112925,ecdsa-with-SHA256,ecdsa-with-SHA256,2017-08-23 19:35:10,2042-08-23 19:35:10
93a979ef02f36777d62e5e25b9bd8cd7,E1:C9:50:E6:EF:22:F8:4C:56:45:72:8B:92:20:60:D7:D5:A7:A3:E8,2A:57:54:71:E3:13:40:BC:21:58:1C:BD:2C:F1:3E:15:84:63:20:3E:CE:94:BC:F9:D3:CC:19:6B:F0:9A:54:72, C=US O=Google Trust Services LLC CN=GTS Root R1,GTS Root R1,,Google Trust Services LLC,,,US,, C=US O=Google Trust Services LLC CN=GTS Root R1,GTS Root R1,,Google Trust Services LLC,,,US,,146587175971765017618439757810265552097,sha384WithRSAEncryption,sha384WithRSAEncryption,2016-06-22 00:00:00,2036-06-22 00:00:00
3b4430e2aaceae189c544aa64b64e577,8C:F4:27:FD:79:0C:3A:D1:66:06:8D:E8:1E:57:EF:BB:93:22:72:D4,43:DF:57:74:B0:3E:7F:EF:5F:E4:0D:93:1A:7B:ED:F1:BB:2E:6B:42:73:8C:4E:6D:38:41:10:3D:3A:A7:F3:39," C=US O=Entrust, Inc. OU=See www.entrust.net/legal-terms OU=(c) 2009 Entrust, Inc. - for authorized use only CN=Entrust Root Certification Authority - G2",Entrust Root Certification Authority - G2,See www.entrust.net/legal-terms,"Entrust, Inc.",,,US,," C=US O=Entrust, Inc. OU=See www.entrust.net/legal-terms OU=(c) 2009 Entrust, Inc. - for authorized use only CN=Entrust Root Certification Authority - G2",Entrust Root Certification Authority - G2,See www.entrust.net/legal-terms,"Entrust, Inc.",,,US,,1246989352,sha256WithRSAEncryption,sha256WithRSAEncryption,2009-07-07 17:25:54,2030-12-07 17:55:54
380be7bb26b8f68d2b223191aa06d321,3B:C4:9F:48:F8:F3:73:A0:9C:1E:BD:F8:5B:B1:C3:65:C7:D8:11:B3,BF:0F:EE:FB:9E:3A:58:1A:D5:F9:E9:DB:75:89:98:57:43:D2:61:08:5C:4D:31:4F:6F:5D:72:59:AA:42:16:12," C=JP O=Japan Certification Services, Inc. CN=SecureSign RootCA11",SecureSign RootCA11,,"Japan Certification Services, Inc.",,,JP,," C=JP O=Japan Certification Services, Inc. CN=SecureSign RootCA11",SecureSign RootCA11,,"Japan Certification Services, Inc.",,,JP,,1,sha1WithRSAEncryption,sha1WithRSAEncryption,2009-04-08 04:56:47,2029-04-08 04:56:47
8931e7ccf70961bd117c6c6ce7fc924c,AE:C5:FB:3F:C8:E1:BF:C4:E5:4F:03:07:5A:9A:E8:00:B7:F7:B6:FA,04:04:80:28:BF:1F:28:64:D4:8F:9A:D4:D8:32:94:36:6A:82:88:56:55:3F:3B:14:30:3F:90:14:7F:5D:40:EF, C=ES CN=Autoridad de Certificacion Firmaprofesional CIF A62634068,Autoridad de Certificacion Firmaprofesional CIF A62634068,,,,,ES,, C=ES CN=Autoridad de Certificacion Firmaprofesional CIF A62634068,Autoridad de Certificacion Firmaprofesional CIF A62634068,,,,,ES,,6047274297262753887,sha1WithRSAEncryption,sha1WithRSAEncryption,2009-05-20 08:38:15,2030-12-31 08:38:15
10a5ab9153d1a2d463a1d49394cc5ba3,1F:49:14:F7:D8:74:95:1D:DD:AE:02:C0:BE:FD:3A:2D:82:75:51:85,18:F1:FC:7F:20:5D:F8:AD:DD:EB:7F:E0:07:DD:57:E3:AF:37:5A:9C:4D:8D:73:54:6B:F4:F1:FE:D1:E1:8D:35, C=BM O=QuoVadis Limited CN=QuoVadis Root CA 3,QuoVadis Root CA 3,,QuoVadis Limited,,,BM,, C=BM O=QuoVadis Limited CN=QuoVadis Root CA 3,QuoVadis Root CA 3,,QuoVadis Limited,,,BM,,1478,sha1WithRSAEncryption,sha1WithRSAEncryption,2006-11-24 19:11:23,2031-11-24 19:06:44
106e1c2f7fce155a5fcf32fc22b136a7,51:C6:E7:08:49:06:6E:F3:92:D4:5C:A0:0D:6D:A3:62:8F:C3:52:39,B0:BF:D5:2B:B0:D7:D9:BD:92:BF:5D:4D:C1:3D:A2:55:C0:2C:54:2F:37:83:65:EA:89:39:11:F5:5E:55:F2:3C, C=TR L=Ankara O=E-Tuğra EBG Bilişim Teknolojileri ve Hizmetleri A.Ş. OU=E-Tugra Sertifikasyon Merkezi CN=E-Tugra Certification Authority,E-Tugra Certification Authority,E-Tugra Sertifikasyon Merkezi,E-Tuğra EBG Bilişim Teknolojileri ve Hizmetleri A.Ş.,Ankara,,TR,, C=TR L=Ankara O=E-Tuğra EBG Bilişim Teknolojileri ve Hizmetleri A.Ş. OU=E-Tugra Sertifikasyon Merkezi CN=E-Tugra Certification Authority,E-Tugra Certification Authority,E-Tugra Sertifikasyon Merkezi,E-Tuğra EBG Bilişim Teknolojileri ve Hizmetleri A.Ş.,Ankara,,TR,,7667447206703254355,sha256WithRSAEncryption,sha256WithRSAEncryption,2013-03-05 12:09:48,2023-03-03 12:09:48
eb470c3d2386755507869d2be28d96d1,B6:AF:43:C2:9B:81:53:7D:F6:EF:6B:C3:1F:1F:60:15:0C:EE:48:66,BC:4D:80:9B:15:18:9D:78:DB:3E:1D:8C:F4:F9:72:6A:79:5D:A1:64:3C:A5:F1:35:8E:1D:DB:0E:DC:0D:7E:B3, C=US OU=emSign PKI O=eMudhra Inc CN=emSign ECC Root CA - C3,emSign ECC Root CA - C3,emSign PKI,eMudhra Inc,,,US,, C=US OU=emSign PKI O=eMudhra Inc CN=emSign ECC Root CA - C3,emSign ECC Root CA - C3,emSign PKI,eMudhra Inc,,,US,,582948710642506000014504,ecdsa-with-SHA384,ecdsa-with-SHA384,2018-02-18 18:30:00,2043-02-18 18:30:00
4319758e8ee2631cc685df41aa831be5,30:D4:24:6F:07:FF:DB:91:89:8A:0B:E9:49:66:11:EB:8C:5E:46:E5,15:D5:B8:77:46:19:EA:7D:54:CE:1C:A6:D0:B0:C4:03:E0:37:A9:17:F1:31:E8:A0:4E:1E:6B:7A:71:BA:BC:E5, C=US O=Google Trust Services LLC CN=GTS Root R3,GTS Root R3,,Google Trust Services LLC,,,US,, C=US O=Google Trust Services LLC CN=GTS Root R3,GTS Root R3,,Google Trust Services LLC,,,US,,146587176140553309517047991083707763997,ecdsa-with-SHA384,ecdsa-with-SHA384,2016-06-22 00:00:00,2036-06-22 00:00:00
0f918fb63918134ee17093a5b687873d,01:0C:06:95:A6:98:19:14:FF:BF:5F:C6:B0:B6:95:EA:29:E9:12:A6,A0:40:92:9A:02:CE:53:B4:AC:F4:F2:FF:C6:98:1C:E4:49:6F:75:5E:6D:45:FE:0B:2A:69:2B:CD:52:52:3F:36, C=GR L=Athens O=Hellenic Academic and Research Institutions Cert. Authority CN=Hellenic Academic and Research Institutions RootCA 2015,Hellenic Academic and Research Institutions RootCA 2015,,Hellenic Academic and Research Institutions Cert. Authority,Athens,,GR,, C=GR L=Athens O=Hellenic Academic and Research Institutions Cert. Authority CN=Hellenic Academic and Research Institutions RootCA 2015,Hellenic Academic and Research Institutions RootCA 2015,,Hellenic Academic and Research Institutions Cert. Authority,Athens,,GR,,0,sha256WithRSAEncryption,sha256WithRSAEncryption,2015-07-07 10:11:21,2040-06-30 10:11:21
404fbc54874a65905e247589373e4ff3,50:30:06:09:1D:97:D4:F5:AE:39:F7:CB:E7:92:7D:7D:65:2D:34:31,6D:C4:71:72:E0:1C:BC:B0:BF:62:58:0D:89:5F:E2:B8:AC:9A:D4:F8:73:80:1E:0C:10:B9:C8:37:D2:1E:B1:77, O=Entrust.net OU=www.entrust.net/CPS_2048 incorp. by ref. (limits liab.) OU=(c) 1999 Entrust.net Limited CN=Entrust.net Certification Authority (2048),Entrust.net Certification Authority (2048),www.entrust.net/CPS_2048 incorp. by ref. (limits liab.),Entrust.net,,,,, O=Entrust.net OU=www.entrust.net/CPS_2048 incorp. by ref. (limits liab.) OU=(c) 1999 Entrust.net Limited CN=Entrust.net Certification Authority (2048),Entrust.net Certification Authority (2048),www.entrust.net/CPS_2048 incorp. by ref. (limits liab.),Entrust.net,,,,,946069240,sha1WithRSAEncryption,sha1WithRSAEncryption,1999-12-24 17:50:51,2029-07-24 14:15:12
dcdf1e52f2a1093e424b39f7701169f1,A1:4B:48:D9:43:EE:0A:0E:40:90:4F:3C:E0:A4:C0:91:93:51:5D:3F,7D:05:EB:B6:82:33:9F:8C:94:51:EE:09:4E:EB:FE:FA:79:53:A1:14:ED:B2:F4:49:49:45:2F:AB:7D:2F:C1:85, C=US O=DigiCert Inc OU=www.digicert.com CN=DigiCert Assured ID Root G2,DigiCert Assured ID Root G2,www.digicert.com,DigiCert Inc,,,US,, C=US O=DigiCert Inc OU=www.digicert.com CN=DigiCert Assured ID Root G2,DigiCert Assured ID Root G2,www.digicert.com,DigiCert Inc,,,US,,15385348160840213938643033620894905419,sha256WithRSAEncryption,sha256WithRSAEncryption,2013-08-01 12:00:00,2038-01-15 12:00:00
2bac5bf6fed172a7a245f2de66ee3a03,D8:EB:6B:41:51:92:59:E0:F3:E7:85:00:C0:3D:B6:88:97:C9:EE:FC,3C:4F:B0:B9:5A:B8:B3:00:32:F4:32:B8:6F:53:5F:E1:72:C1:85:D0:FD:39:86:58:37:CF:36:18:7F:A6:F4:28, C=NL O=Staat der Nederlanden CN=Staat der Nederlanden Root CA - G3,Staat der Nederlanden Root CA - G3,,Staat der Nederlanden,,,NL,, C=NL O=Staat der Nederlanden CN=Staat der Nederlanden Root CA - G3,Staat der Nederlanden Root CA - G3,,Staat der Nederlanden,,,NL,,10003001,sha256WithRSAEncryption,sha256WithRSAEncryption,2013-11-14 11:28:42,2028-11-13 23:00:00
acf03b6db608e6ae38c0af6a9952f3a2,93:05:7A:88:15:C6:4F:CE:88:2F:FA:91:16:52:28:78:BC:53:64:17,9A:6E:C0:12:E1:A7:DA:9D:BE:34:19:4D:47:8A:D7:C0:DB:18:22:FB:07:1D:F1:29:81:49:6E:D1:04:38:41:13, CN=ACCVRAIZ1 OU=PKIACCV O=ACCV C=ES,ACCVRAIZ1,PKIACCV,ACCV,,,ES,, CN=ACCVRAIZ1 OU=PKIACCV O=ACCV C=ES,ACCVRAIZ1,PKIACCV,ACCV,,,ES,,6828503384748696800,sha1WithRSAEncryption,sha1WithRSAEncryption,2011-05-05 09:37:37,2030-12-31 09:37:37
4ae18367affbe1606c4bdbadd0ef02ab,AF:E5:D2:44:A8:D1:19:42:30:FF:47:9F:E2:F8:97:BB:CD:7A:8C:B4,52:F0:E1:C4:E5:8E:C6:29:29:1B:60:31:7F:07:46:71:B8:5D:7E:A8:0D:5B:07:27:34:63:53:4B:32:B4:02:34, C=GB ST=Greater Manchester L=Salford O=COMODO CA Limited CN=COMODO RSA Certification Authority,COMODO RSA Certification Authority,,COMODO CA Limited,Salford,Greater Manchester,GB,, C=GB ST=Greater Manchester L=Salford O=COMODO CA Limited CN=COMODO RSA Certification Authority,COMODO RSA Certification Authority,,COMODO CA Limited,Salford,Greater Manchester,GB,,101909084537582093308941363524873193117,sha384WithRSAEncryption,sha384WithRSAEncryption,2010-01-19 00:00:00,2038-01-18 23:59:59
75a3618c1cc8ab45ed80dd97e50a58cc,78:6A:74:AC:76:AB:14:7F:9C:6A:30:50:BA:9E:A8:7E:FE:9A:CE:3C,06:3E:4A:FA:C4:91:DF:D3:32:F3:08:9B:85:42:E9:46:17:D8:93:D7:FE:94:4E:10:A7:93:7E:E2:9D:96:93:C0, C=EU L=Madrid (see current address at www.camerfirma.com/address) serialNumber=A82743287 O=AC Camerfirma S.A. CN=Chambers of Commerce Root - 2008,Chambers of Commerce Root - 2008,,AC Camerfirma S.A.,Madrid (see current address at www.camerfirma.com/address),,EU,, C=EU L=Madrid (see current address at www.camerfirma.com/address) serialNumber=A82743287 O=AC Camerfirma S.A. CN=Chambers of Commerce Root - 2008,Chambers of Commerce Root - 2008,,AC Camerfirma S.A.,Madrid (see current address at www.camerfirma.com/address),,EU,,11806822484801597146,sha1WithRSAEncryption,sha1WithRSAEncryption,2008-08-01 12:29:50,2038-07-31 12:29:50
dcb7049bf0a46e8cfad354f0a58460d1,DA:C9:02:4F:54:D8:F6:DF:94:93:5F:B1:73:26:38:CA:6A:D7:7C:13,06:87:26:03:31:A7:24:03:D9:09:F1:05:E6:9B:CF:0D:32:E1:BD:24:93:FF:C6:D9:20:6D:11:BC:D6:77:07:39, O=Digital Signature Trust Co. CN=DST Root CA X3,DST Root CA X3,,Digital Signature Trust Co.,,,,, O=Digital Signature Trust Co. CN=DST Root CA X3,DST Root CA X3,,Digital Signature Trust Co.,,,,,91299735575339953335919266965803778155,sha1WithRSAEncryption,sha1WithRSAEncryption,2000-09-30 21:12:19,2021-09-30 14:01:15
b55a960fa2d5564c6a4df20272044c99,55:A6:72:3E:CB:F2:EC:CD:C3:23:74:70:19:9D:2A:BE:11:E3:81:D1,FD:73:DA:D3:1C:64:4F:F1:B4:3B:EF:0C:CD:DA:96:71:0B:9C:D9:87:5E:CA:7E:31:70:7A:F3:E9:6D:52:2B:BD, C=DE O=T-Systems Enterprise Services GmbH OU=T-Systems Trust Center CN=T-TeleSec GlobalRoot Class 3,T-TeleSec GlobalRoot Class 3,T-Systems Trust Center,T-Systems Enterprise Services GmbH,,,DE,, C=DE O=T-Systems Enterprise Services GmbH OU=T-Systems Trust Center CN=T-TeleSec GlobalRoot Class 3,T-TeleSec GlobalRoot Class 3,T-Systems Trust Center,T-Systems Enterprise Services GmbH,,,DE,,1,sha256WithRSAEncryption,sha256WithRSAEncryption,2008-10-01 10:29:56,2033-10-01 23:59:59
4b288cd1c78802d07b78bd4b80db3883,CA:BD:2A:79:A1:07:6A:31:F2:1D:25:36:35:CB:03:9D:43:29:A5:E8,96:BC:EC:06:26:49:76:F3:74:60:77:9A:CF:28:C5:A7:CF:E8:A3:C0:AA:E1:1A:8F:FC:EE:05:C0:BD:DF:08:C6, C=US O=Internet Security Research Group CN=ISRG Root X1,ISRG Root X1,,Internet Security Research Group,,,US,, C=US O=Internet Security Research Group CN=ISRG Root X1,ISRG Root X1,,Internet Security Research Group,,,US,,172886928669790476064670243504169061120,sha256WithRSAEncryption,sha256WithRSAEncryption,2015-06-04 11:04:38,2035-06-04 11:04:38
9be5920bb97403f4a3c76eaea2065057,29:36:21:02:8B:20:ED:02:F5:66:C5:32:D1:D6:ED:90:9F:45:00:2F,0A:81:EC:5A:92:97:77:F1:45:90:4A:F3:8D:5D:50:9F:66:B5:E2:C5:8F:CD:B5:31:05:8B:0E:17:F3:F0:B4:1B, C=US O=AffirmTrust CN=AffirmTrust Networking,AffirmTrust Networking,,AffirmTrust,,,US,, C=US O=AffirmTrust CN=AffirmTrust Networking,AffirmTrust Networking,,AffirmTrust,,,US,,8957382827206547757,sha1WithRSAEncryption,sha1WithRSAEncryption,2010-01-29 14:08:24,2030-12-31 14:08:24
a770ac4ddca123196fa3c03290148f4a,28:F9:78:16:19:7A:FF:18:25:18:AA:44:FE:C1:A0:CE:5C:B6:4C:8A,9B:EA:11:C9:76:FE:01:47:64:C1:BE:56:A6:F9:14:B5:A5:60:31:7A:BD:99:88:39:33:82:E5:16:1A:A0:49:3C, C=CN O=UniTrust CN=UCA Global G2 Root,UCA Global G2 Root,,UniTrust,,,CN,, C=CN O=UniTrust CN=UCA Global G2 Root,UCA Global G2 Root,,UniTrust,,,CN,,124779693093741543919145257850076631279,sha256WithRSAEncryption,sha256WithRSAEncryption,2016-03-11 00:00:00,2040-12-31 00:00:00
676bcec56672752af2841e1c7a830de7,A8:98:5D:3A:65:E5:E5:C4:B2:D7:D6:6D:40:C6:DD:2F:B1:9C:54:36,43:48:A0:E9:44:4C:78:CB:26:5E:05:8D:5E:89:44:B4:D8:4F:96:62:BD:26:DB:25:7F:89:34:A4:43:C7:01:61, C=US O=DigiCert Inc OU=www.digicert.com CN=DigiCert Global Root CA,DigiCert Global Root CA,www.digicert.com,DigiCert Inc,,,US,, C=US O=DigiCert Inc OU=www.digicert.com CN=DigiCert Global Root CA,DigiCert Global Root CA,www.digicert.com,DigiCert Inc,,,US,,10944719598952040374951832963794454346,sha1WithRSAEncryption,sha1WithRSAEncryption,2006-11-10 00:00:00,2031-11-10 00:00:00
3a14a6eb3d4a2c60d9db15d6b6d4ad6b,26:F9:93:B4:ED:3D:28:27:B0:B9:4B:A7:E9:15:1D:A3:8D:92:E5:32,65:7C:FE:2F:A7:3F:AA:38:46:25:71:F3:32:A2:36:3A:46:FC:E7:02:09:51:71:07:02:CD:FB:B6:EE:DA:33:05, C=RO O=CERTSIGN SA OU=certSIGN ROOT CA G2,,certSIGN ROOT CA G2,CERTSIGN SA,,,RO,, C=RO O=CERTSIGN SA OU=certSIGN ROOT CA G2,,certSIGN ROOT CA G2,CERTSIGN SA,,,RO,,313609486401300475190,sha256WithRSAEncryption,sha256WithRSAEncryption,2017-02-06 09:27:35,2042-02-06 09:27:35
60b4e294368c4e15caa9fa6cfff9dd47,FE:45:65:9B:79:03:5B:98:A1:61:B5:51:2E:AC:DA:58:09:48:22:4D,BC:10:4F:15:A4:8B:E7:09:DC:A5:42:A7:E1:D4:B9:DF:6F:05:45:27:E8:02:EA:A9:2D:59:54:44:25:8A:FE:71, C=GR O=Hellenic Academic and Research Institutions Cert. Authority CN=Hellenic Academic and Research Institutions RootCA 2011,Hellenic Academic and Research Institutions RootCA 2011,,Hellenic Academic and Research Institutions Cert. Authority,,,GR,, C=GR O=Hellenic Academic and Research Institutions Cert. Authority CN=Hellenic Academic and Research Institutions RootCA 2011,Hellenic Academic and Research Institutions RootCA 2011,,Hellenic Academic and Research Institutions Cert. Authority,,,GR,,0,sha1WithRSAEncryption,sha1WithRSAEncryption,2011-12-06 13:49:52,2031-12-01 13:49:52
94b73abc9c8b8d3c2cbae337c7442aa0,8D:A7:F9:65:EC:5E:FC:37:91:0F:1C:6E:59:FD:C1:CC:6A:6E:DE:16,8E:CD:E6:88:4F:3D:87:B1:12:5B:A3:1A:C3:FC:B1:3D:70:16:DE:7F:57:CC:90:4F:E1:CB:97:C6:AE:98:19:6E, C=US O=Amazon CN=Amazon Root CA 1,Amazon Root CA 1,,Amazon,,,US,, C=US O=Amazon CN=Amazon Root CA 1,Amazon Root CA 1,,Amazon,,,US,,143266978916655856878034712317230054538369994,sha256WithRSAEncryption,sha256WithRSAEncryption,2015-05-26 00:00:00,2038-01-17 00:00:00
8e9b1be054ee033872f71cfad91f7421,27:96:BA:E6:3F:18:01:E2:77:26:1B:A0:D7:77:70:02:8F:20:EE:E4,C3:84:6B:F2:4B:9E:93:CA:64:27:4C:0E:C6:7C:1E:CC:5E:02:4F:FC:AC:D2:D7:40:19:35:0E:81:FE:54:6A:E4," C=US O=The Go Daddy Group, Inc. OU=Go Daddy Class 2 Certification Authority",,Go Daddy Class 2 Certification Authority,"The Go Daddy Group, Inc.",,,US,," C=US O=The Go Daddy Group, Inc. OU=Go Daddy Class 2 Certification Authority",,Go Daddy Class 2 Certification Authority,"The Go Daddy Group, Inc.",,,US,,0,sha1WithRSAEncryption,sha1WithRSAEncryption,2004-06-29 17:06:20,2034-06-29 17:06:20
0f5d2b29169b6807bddfa6d87baff932,D1:CB:CA:5D:B2:D5:2A:7F:69:3B:67:4D:E5:F0:5A:1D:0C:95:7D:F0,4F:F4:60:D5:4B:9C:86:DA:BF:BC:FC:57:12:E0:40:0D:2B:ED:3F:BC:4D:4F:BD:AA:86:E0:6A:DC:D2:A9:AD:7A, C=US ST=New Jersey L=Jersey City O=The USERTRUST Network CN=USERTrust ECC Certification Authority,USERTrust ECC Certification Authority,,The USERTRUST Network,Jersey City,New Jersey,US,, C=US ST=New Jersey L=Jersey City O=The USERTRUST Network CN=USERTrust ECC Certification Authority,USERTrust ECC Certification Authority,,The USERTRUST Network,Jersey City,New Jersey,US,,123013823720199481456569720443997572134,ecdsa-with-SHA384,ecdsa-with-SHA384,2010-02-01 00:00:00,2038-01-18 23:59:59
b3061e7fef5b5d3d4334a92bfb19b3d1,DD:FB:16:CD:49:31:C9:73:A2:03:7D:3F:C8:3A:4D:7D:77:5D:05:E4,55:2F:7B:DC:F1:A7:AF:9E:6C:E6:72:01:7F:4F:12:AB:F7:72:40:C7:8E:76:1A:C2:03:D1:D9:D2:0A:C8:99:88, C=US O=DigiCert Inc OU=www.digicert.com CN=DigiCert Trusted Root G4,DigiCert Trusted Root G4,www.digicert.com,DigiCert Inc,,,US,, C=US O=DigiCert Inc OU=www.digicert.com CN=DigiCert Trusted Root G4,DigiCert Trusted Root G4,www.digicert.com,DigiCert Inc,,,US,,7451500558977370777930084869016614236,sha384WithRSAEncryption,sha384WithRSAEncryption,2013-08-01 12:00:00,2038-01-15 12:00:00
6745ec49ce770510baecea3e9014eb27,8D:17:84:D5:37:F3:03:7D:EC:70:FE:57:8B:51:9A:99:E6:10:D7:B0,5E:DB:7A:C4:3B:82:A0:6A:87:61:E8:D7:BE:49:79:EB:F2:61:1F:7D:D7:9B:F9:1C:1C:6B:56:6A:21:9E:D7:66, C=US O=GeoTrust Inc. OU=(c) 2007 GeoTrust Inc. - For authorized use only CN=GeoTrust Primary Certification Authority - G2,GeoTrust Primary Certification Authority - G2,(c) 2007 GeoTrust Inc. - For authorized use only,GeoTrust Inc.,,,US,, C=US O=GeoTrust Inc. OU=(c) 2007 GeoTrust Inc. - For authorized use only CN=GeoTrust Primary Certification Authority - G2,GeoTrust Primary Certification Authority - G2,(c) 2007 GeoTrust Inc. - For authorized use only,GeoTrust Inc.,,,US,,80682863203381065782177908751794619243,ecdsa-with-SHA384,ecdsa-with-SHA384,2007-11-05 00:00:00,2038-01-18 23:59:59
165f265c8cd46a3ba9f21b4786227c1f,66:31:BF:9E:F7:4F:9E:B6:C9:D5:A6:0C:BA:6A:BE:D1:F7:BD:EF:7B,0C:2C:D6:3D:F7:80:6F:A3:99:ED:E8:09:11:6B:57:5B:F8:79:89:F0:65:18:F9:80:8C:86:05:03:17:8B:AF:66, C=GB ST=Greater Manchester L=Salford O=COMODO CA Limited CN=COMODO Certification Authority,COMODO Certification Authority,,COMODO CA Limited,Salford,Greater Manchester,GB,, C=GB ST=Greater Manchester L=Salford O=COMODO CA Limited CN=COMODO Certification Authority,COMODO Certification Authority,,COMODO CA Limited,Salford,Greater Manchester,GB,,104350513648249232941998508985834464573,sha1WithRSAEncryption,sha1WithRSAEncryption,2006-12-01 00:00:00,2029-12-31 23:59:59
79677cac443d9008fdb9299d60e4124e,75:E0:AB:B6:13:85:12:27:1C:04:F8:5F:DD:DE:38:E4:B7:24:2E:FE,CA:42:DD:41:74:5F:D0:B8:1E:B9:02:36:2C:F9:D8:BF:71:9D:A1:BD:1B:1E:FC:94:6F:5B:4C:99:F4:2C:1B:9E, OU=GlobalSign Root CA - R2 O=GlobalSign CN=GlobalSign,GlobalSign,GlobalSign Root CA - R2,GlobalSign,,,,, OU=GlobalSign Root CA - R2 O=GlobalSign CN=GlobalSign,GlobalSign,GlobalSign Root CA - R2,GlobalSign,,,,,4835703278459682885658125,sha1WithRSAEncryption,sha1WithRSAEncryption,2006-12-15 08:00:00,2021-12-15 08:00:00
280e49a944f8e623a86c627fc61b7ab6,09:3C:61:F3:8B:8B:DC:7D:55:DF:75:38:02:05:00:E1:25:F5:C8:36,8F:E4:FB:0A:F9:3A:4D:0D:67:DB:0B:EB:B2:3E:37:C7:1B:F3:25:DC:BC:DD:24:0E:A0:4D:AF:58:B4:7E:18:40, C=BM O=QuoVadis Limited CN=QuoVadis Root CA 2 G3,QuoVadis Root CA 2 G3,,QuoVadis Limited,,,BM,, C=BM O=QuoVadis Limited CN=QuoVadis Root CA 2 G3,QuoVadis Root CA 2 G3,,QuoVadis Limited,,,BM,,390156079458959257446133169266079962026824725800,sha256WithRSAEncryption,sha256WithRSAEncryption,2012-01-12 18:59:32,2042-01-12 18:59:32
e838bdf7fcb7316b68290bbce19664ae,36:B1:2B:49:F9:81:9E:D7:4C:9E:BC:38:0F:C6:56:8F:5D:AC:B2:F7,E7:5E:72:ED:9F:56:0E:EC:6E:B4:80:00:73:A4:3F:C3:AD:19:19:5A:39:22:82:01:78:95:97:4A:99:02:6B:6C, C=JP O=SECOM Trust.net OU=Security Communication RootCA1,,Security Communication RootCA1,SECOM Trust.net,,,JP,, C=JP O=SECOM Trust.net OU=Security Communication RootCA1,,Security Communication RootCA1,SECOM Trust.net,,,JP,,0,sha1WithRSAEncryption,sha1WithRSAEncryption,2003-09-30 04:20:49,2023-09-30 04:20:49
982807ccbf4c13082f889b2165d90ca3,7E:04:DE:89:6A:3E:66:6D:00:E6:87:D3:3F:FA:D9:3B:E8:3D:34:9E,31:AD:66:48:F8:10:41:38:C7:38:F3:9E:A4:32:01:33:39:3E:3A:18:CC:02:29:6E:F9:7C:2A:C9:EF:67:31:D0, C=US O=DigiCert Inc OU=www.digicert.com CN=DigiCert Global Root G3,DigiCert Global Root G3,www.digicert.com,DigiCert Inc,,,US,, C=US O=DigiCert Inc OU=www.digicert.com CN=DigiCert Global Root G3,DigiCert Global Root G3,www.digicert.com,DigiCert Inc,,,US,,7089244469030293291760083333884364146,ecdsa-with-SHA384,ecdsa-with-SHA384,2013-08-01 12:00:00,2038-01-15 12:00:00
7073707f0b8e7174743aee6eff78e625,0F:36:38:5B:81:1A:25:C3:9B:31:4E:83:CA:E9:34:66:70:CC:74:B4,BF:FF:8F:D0:44:33:48:7D:6A:8A:A6:0C:1A:29:76:7A:9F:C2:BB:B0:5E:42:0F:71:3A:13:B9:92:89:1D:38:93," C=CN O=GUANG DONG CERTIFICATE AUTHORITY CO.,LTD. CN=GDCA TrustAUTH R5 ROOT",GDCA TrustAUTH R5 ROOT,,"GUANG DONG CERTIFICATE AUTHORITY CO.,LTD.",,,CN,," C=CN O=GUANG DONG CERTIFICATE AUTHORITY CO.,LTD. CN=GDCA TrustAUTH R5 ROOT",GDCA TrustAUTH R5 ROOT,,"GUANG DONG CERTIFICATE AUTHORITY CO.,LTD.",,,CN,,9009899650740120186,sha256WithRSAEncryption,sha256WithRSAEncryption,2014-11-26 05:13:15,2040-12-31 15:59:59
8a46822a6f9d57630c28f28555c8a6c1,B5:1C:06:7C:EE:2B:0C:3D:F8:55:AB:2D:92:F4:FE:39:D4:E7:0F:0E,2C:E1:CB:0B:F9:D2:F9:E1:02:99:3F:BE:21:51:52:C3:B2:DD:0C:AB:DE:1C:68:E5:31:9B:83:91:54:DB:B7:F5," C=US ST=Arizona L=Scottsdale O=Starfield Technologies, Inc. CN=Starfield Root Certificate Authority - G2",Starfield Root Certificate Authority - G2,,"Starfield Technologies, Inc.",Scottsdale,Arizona,US,," C=US ST=Arizona L=Scottsdale O=Starfield Technologies, Inc. CN=Starfield Root Certificate Authority - G2",Starfield Root Certificate Authority - G2,,"Starfield Technologies, Inc.",Scottsdale,Arizona,US,,0,sha256WithRSAEncryption,sha256WithRSAEncryption,2009-09-01 00:00:00,2037-12-31 23:59:59
99886dc22e33064402a4b6a17815938c,87:82:C6:C3:04:35:3B:CF:D2:96:92:D2:59:3E:7D:44:D9:34:FF:11,F1:C1:B5:0A:E5:A2:0D:D8:03:0E:C9:F6:BC:24:82:3D:D3:67:B5:25:57:59:B4:E7:1B:61:FC:E9:F7:37:5D:73, C=US O=SecureTrust Corporation CN=SecureTrust CA,SecureTrust CA,,SecureTrust Corporation,,,US,, C=US O=SecureTrust Corporation CN=SecureTrust CA,SecureTrust CA,,SecureTrust Corporation,,,US,,17199774589125277788362757014266862032,sha1WithRSAEncryption,sha1WithRSAEncryption,2006-11-07 19:31:18,2029-12-31 19:40:55
8eb1817974ba87e02cf7a3eeb3c2b36c,89:D4:83:03:4F:9E:9A:48:80:5F:72:37:D4:A9:A6:EF:CB:7C:1F:D1,BE:B0:0B:30:83:9B:9B:C3:2C:32:E4:44:79:05:95:06:41:F2:64:21:B1:5E:D0:89:19:8B:51:8A:E2:EA:1B:99, C=HU L=Budapest O=Microsec Ltd. organizationIdentifier=VATHU-23584497 CN=e-Szigno Root CA 2017,e-Szigno Root CA 2017,,Microsec Ltd.,Budapest,,HU,, C=HU L=Budapest O=Microsec Ltd. organizationIdentifier=VATHU-23584497 CN=e-Szigno Root CA 2017,e-Szigno Root CA 2017,,Microsec Ltd.,Budapest,,HU,,411379200276854331539784714,ecdsa-with-SHA256,ecdsa-with-SHA256,2017-08-22 12:07:06,2042-08-22 12:07:06
f7146e9329ccdef27cb5c52a95376d69,B5:61:EB:EA:A4:DE:E4:25:4B:69:1A:98:A5:57:47:C2:34:C7:D9:71,E2:3D:4A:03:6D:7B:70:E9:F5:95:B1:42:20:79:D2:B9:1E:DF:BB:1F:B6:51:A0:63:3E:AA:8A:9D:C5:F8:07:03, C=SK L=Bratislava O=Disig a.s. CN=CA Disig Root R2,CA Disig Root R2,,Disig a.s.,Bratislava,,SK,, C=SK L=Bratislava O=Disig a.s. CN=CA Disig Root R2,CA Disig Root R2,,Disig a.s.,Bratislava,,SK,,10572350602393338211,sha256WithRSAEncryption,sha256WithRSAEncryption,2012-07-19 09:15:30,2042-07-19 09:15:30
e477f0aef481610212419875df25bf8e,DF:3C:24:F9:BF:D6:66:76:1B:26:80:73:FE:06:D1:CC:8D:4F:82:A4,CB:3C:CB:B7:60:31:E5:E0:13:8F:8D:D3:9A:23:F9:DE:47:FF:C3:5E:43:C1:14:4C:EA:27:D4:6A:5A:B1:CB:5F, C=US O=DigiCert Inc OU=www.digicert.com CN=DigiCert Global Root G2,DigiCert Global Root G2,www.digicert.com,DigiCert Inc,,,US,, C=US O=DigiCert Inc OU=www.digicert.com CN=DigiCert Global Root G2,DigiCert Global Root G2,www.digicert.com,DigiCert Inc,,,US,,4293743540046975378534879503202253541,sha256WithRSAEncryption,sha256WithRSAEncryption,2013-08-01 12:00:00,2038-01-15 12:00:00
3871185f14c92d05430c9ce511df5736,CF:9E:87:6D:D3:EB:FC:42:26:97:A3:B5:A3:7A:A0:76:A9:06:23:48,BF:D8:8F:E1:10:1C:41:AE:3E:80:1B:F8:BE:56:35:0E:E9:BA:D1:A6:B9:BD:51:5E:DC:5C:6D:5B:87:11:AC:44, C=TW O=TAIWAN-CA OU=Root CA CN=TWCA Root Certification Authority,TWCA Root Certification Authority,Root CA,TAIWAN-CA,,,TW,, C=TW O=TAIWAN-CA OU=Root CA CN=TWCA Root Certification Authority,TWCA Root Certification Authority,Root CA,TAIWAN-CA,,,TW,,1,sha1WithRSAEncryption,sha1WithRSAEncryption,2008-08-28 07:24:33,2030-12-31 15:59:59
1657320560369c166eab21efce40d3a0,1F:24:C6:30:CD:A4:18:EF:20:69:FF:AD:4F:DD:5F:46:3A:1B:69:AA,17:9F:BC:14:8A:3D:D0:0F:D2:4E:A1:34:58:CC:43:BF:A7:F5:9C:81:82:D7:83:A5:13:F6:EB:EC:10:0C:89:24, OU=GlobalSign ECC Root CA - R5 O=GlobalSign CN=GlobalSign,GlobalSign,GlobalSign ECC Root CA - R5,GlobalSign,,,,, OU=GlobalSign ECC Root CA - R5 O=GlobalSign CN=GlobalSign,GlobalSign,GlobalSign ECC Root CA - R5,GlobalSign,,,,,32785792099990507226680698011560947931244,ecdsa-with-SHA384,ecdsa-with-SHA384,2012-11-13 00:00:00,2038-01-19 03:14:07
dba2eb378c6117d499785fe08e1ca529,58:E8:AB:B0:36:15:33:FB:80:F7:9B:1B:6D:29:D3:FF:8D:5F:00:F0,49:E7:A4:42:AC:F0:EA:62:87:05:00:54:B5:25:64:B6:50:E4:F4:9E:42:E3:48:D6:AA:38:E0:39:E9:57:B1:C1, C=DE O=D-Trust GmbH CN=D-TRUST Root Class 3 CA 2 2009,D-TRUST Root Class 3 CA 2 2009,,D-Trust GmbH,,,DE,, C=DE O=D-Trust GmbH CN=D-TRUST Root Class 3 CA 2 2009,D-TRUST Root Class 3 CA 2 2009,,D-Trust GmbH,,,DE,,623603,sha256WithRSAEncryption,sha256WithRSAEncryption,2009-11-05 08:35:58,2029-11-05 08:35:58
eb236550230cafb9a2504848c08a00ab,B8:01:86:D1:EB:9C:86:A5:41:04:CF:30:54:F3:4C:52:B7:E5:58:C6,CE:CD:DC:90:50:99:D8:DA:DF:C5:B1:D2:09:B7:37:CB:E2:C1:8C:FB:2C:10:C0:FF:0B:CF:0D:32:86:FC:1A:A2, C=US OU=www.xrampsecurity.com O=XRamp Security Services Inc CN=XRamp Global Certification Authority,XRamp Global Certification Authority,www.xrampsecurity.com,XRamp Security Services Inc,,,US,, C=US OU=www.xrampsecurity.com O=XRamp Security Services Inc CN=XRamp Global Certification Authority,XRamp Global Certification Authority,www.xrampsecurity.com,XRamp Security Services Inc,,,US,,107108908803651509692980124233745014957,sha1WithRSAEncryption,sha1WithRSAEncryption,2004-11-01 17:14:04,2035-01-01 05:37:19
8cab80245abee8286d932c959adefebc,F5:17:A2:4F:9A:48:C6:C9:F8:A2:00:26:9F:DC:0F:48:2C:AB:30:89,7E:37:CB:8B:4C:47:09:0C:AB:36:55:1B:A6:F4:5D:B8:40:68:0F:BA:16:6A:95:2D:B1:00:71:7F:43:05:3F:C2, C=US O=DigiCert Inc OU=www.digicert.com CN=DigiCert Assured ID Root G3,DigiCert Assured ID Root G3,www.digicert.com,DigiCert Inc,,,US,, C=US O=DigiCert Inc OU=www.digicert.com CN=DigiCert Assured ID Root G3,DigiCert Assured ID Root G3,www.digicert.com,DigiCert Inc,,,US,,15459312981008553731928384953135426796,ecdsa-with-SHA384,ecdsa-with-SHA384,2013-08-01 12:00:00,2038-01-15 12:00:00
4428ec61346818ada5c9c9e81c29727f,14:88:4E:86:26:37:B0:26:AF:59:62:5C:40:77:EC:35:29:BA:96:01,DB:35:17:D1:F6:73:2A:2D:5A:B9:7C:53:3E:C7:07:79:EE:32:70:A6:2F:B4:AC:42:38:37:24:60:E6:F0:1E:88," C=US O=Entrust, Inc. OU=See www.entrust.net/legal-terms OU=(c) 2015 Entrust, Inc. - for authorized use only CN=Entrust Root Certification Authority - G4",Entrust Root Certification Authority - G4,See www.entrust.net/legal-terms,"Entrust, Inc.",,,US,," C=US O=Entrust, Inc. OU=See www.entrust.net/legal-terms OU=(c) 2015 Entrust, Inc. - for authorized use only CN=Entrust Root Certification Authority - G4",Entrust Root Certification Authority - G4,See www.entrust.net/legal-terms,"Entrust, Inc.",,,US,,289383649854506086828220374796556676440,sha256WithRSAEncryption,sha256WithRSAEncryption,2015-05-27 11:11:16,2037-12-27 11:41:16
b64a341d768a8b7992e7724114aba526,F9:B5:B6:32:45:5F:9C:BE:EC:57:5F:80:DC:E9:6E:2C:C7:B2:78:B7,03:76:AB:1D:54:C5:F9:80:3C:E4:B2:E2:01:A0:EE:7E:EF:7B:57:B6:36:E8:A9:3C:9B:8D:48:60:C9:6F:5F:A7, C=US O=AffirmTrust CN=AffirmTrust Commercial,AffirmTrust Commercial,,AffirmTrust,,,US,, C=US O=AffirmTrust CN=AffirmTrust Commercial,AffirmTrust Commercial,,AffirmTrust,,,US,,8608355977964138876,sha256WithRSAEncryption,sha256WithRSAEncryption,2010-01-29 14:06:06,2030-12-31 14:06:06
4dab9055b4d1f66ccb4eeff7cc7be7b5,28:90:3A:63:5B:52:80:FA:E6:77:4C:0B:6D:A7:D6:BA:A6:4A:F2:E8,88:49:7F:01:60:2F:31:54:24:6A:E2:8C:4D:5A:EF:10:F1:D8:7E:BB:76:62:6F:4A:E0:B7:F9:5B:A7:96:87:99, C=ES O=Agencia Catalana de Certificacio (NIF Q-0801176-I) OU=Serveis Publics de Certificacio OU=Vegeu https://www.catcert.net/verarrel (c)03 OU=Jerarquia Entitats de Certificacio Catalanes CN=EC-ACC,EC-ACC,Serveis Publics de Certificacio,Agencia Catalana de Certificacio (NIF Q-0801176-I),,,ES,, C=ES O=Agencia Catalana de Certificacio (NIF Q-0801176-I) OU=Serveis Publics de Certificacio OU=Vegeu https://www.catcert.net/verarrel (c)03 OU=Jerarquia Entitats de Certificacio Catalanes CN=EC-ACC,EC-ACC,Serveis Publics de Certificacio,Agencia Catalana de Certificacio (NIF Q-0801176-I),,,ES,,-23701579247955709139626555126524820479,sha1WithRSAEncryption,sha1WithRSAEncryption,2003-01-07 23:00:00,2031-01-07 22:59:59
67967a03b164bd5c6fb80814511a9f34,05:63:B8:63:0D:62:D7:5A:BB:C8:AB:1E:4B:DF:B5:A8:99:B2:4D:43,3E:90:99:B5:01:5E:8F:48:6C:00:BC:EA:9D:11:1E:E7:21:FA:BA:35:5A:89:BC:F1:DF:69:56:1E:3D:C6:32:5C, C=US O=DigiCert Inc OU=www.digicert.com CN=DigiCert Assured ID Root CA,DigiCert Assured ID Root CA,www.digicert.com,DigiCert Inc,,,US,, C=US O=DigiCert Inc OU=www.digicert.com CN=DigiCert Assured ID Root CA,DigiCert Assured ID Root CA,www.digicert.com,DigiCert Inc,,,US,,17154717934120587862167794914071425081,sha1WithRSAEncryption,sha1WithRSAEncryption,2006-11-10 00:00:00,2031-11-10 00:00:00
b58ea6305b633b6723eaeed72d1a22b6,47:BE:AB:C9:22:EA:E8:0E:78:78:34:62:A7:9F:45:C2:54:FD:E6:8B,45:14:0B:32:47:EB:9C:C8:C5:B4:F0:D7:B5:30:91:F7:32:92:08:9E:6E:5A:63:E2:74:9D:D3:AC:A9:19:8E:DA," C=US ST=Arizona L=Scottsdale O=GoDaddy.com, Inc. CN=Go Daddy Root Certificate Authority - G2",Go Daddy Root Certificate Authority - G2,,"GoDaddy.com, Inc.",Scottsdale,Arizona,US,," C=US ST=Arizona L=Scottsdale O=GoDaddy.com, Inc. CN=Go Daddy Root Certificate Authority - G2",Go Daddy Root Certificate Authority - G2,,"GoDaddy.com, Inc.",Scottsdale,Arizona,US,,0,sha256WithRSAEncryption,sha256WithRSAEncryption,2009-09-01 00:00:00,2037-12-31 23:59:59
5b1280a712d724668516c70488b8b6b3,58:D1:DF:95:95:67:6B:63:C0:F0:5B:1C:17:4D:8B:84:0B:C8:78:BD,5A:88:5D:B1:9C:01:D9:12:C5:75:93:88:93:8C:AF:BB:DF:03:1A:B2:D4:8E:91:EE:15:58:9B:42:97:1D:03:9C, C=PA ST=Panama L=Panama City O=TrustCor Systems S. de R.L. OU=TrustCor Certificate Authority CN=TrustCor ECA-1,TrustCor ECA-1,TrustCor Certificate Authority,TrustCor Systems S. de R.L.,Panama City,Panama,PA,, C=PA ST=Panama L=Panama City O=TrustCor Systems S. de R.L. OU=TrustCor Certificate Authority CN=TrustCor ECA-1,TrustCor ECA-1,TrustCor Certificate Authority,TrustCor Systems S. de R.L.,Panama City,Panama,PA,,9548242946988625984,sha256WithRSAEncryption,sha256WithRSAEncryption,2016-02-04 12:32:33,2029-12-31 17:28:07
6eca20decf30efd6c524d4c68530f620,B8:23:6B:00:2F:1D:16:86:53:01:55:6C:11:A4:37:CA:EB:FF:C3:BB,BD:71:FD:F6:DA:97:E4:CF:62:D1:64:7A:DD:25:81:B0:7D:79:AD:F8:39:7E:B4:EC:BA:9C:5E:84:88:82:14:23, C=US O=AffirmTrust CN=AffirmTrust Premium ECC,AffirmTrust Premium ECC,,AffirmTrust,,,US,, C=US O=AffirmTrust CN=AffirmTrust Premium ECC,AffirmTrust Premium ECC,,AffirmTrust,,,US,,8401224907861490260,ecdsa-with-SHA384,ecdsa-with-SHA384,2010-01-29 14:20:24,2040-12-31 14:20:24
7f4ff737d171389f38cae6a35ef5abb2,43:13:BB:96:F1:D5:86:9B:C1:4E:6A:92:F6:CF:F6:34:69:87:82:37,DD:69:36:FE:21:F8:F0:77:C1:23:A1:A5:21:C1:22:24:F7:22:55:B7:3E:03:A7:26:06:93:E8:A2:4B:0F:A3:89, O=TeliaSonera CN=TeliaSonera Root CA v1,TeliaSonera Root CA v1,,TeliaSonera,,,,, O=TeliaSonera CN=TeliaSonera Root CA v1,TeliaSonera Root CA v1,,TeliaSonera,,,,,199041966741090107964904287217786801558,sha1WithRSAEncryption,sha1WithRSAEncryption,2007-10-18 12:00:50,2032-10-18 12:00:50
cf3d606de59866f9944c53692e2be78d,58:A2:D0:EC:20:52:81:5B:C1:F3:F8:64:02:24:4E:C2:8E:02:4B:02,5A:2F:C0:3F:0C:83:B0:90:BB:FA:40:60:4B:09:88:44:6C:76:36:18:3D:F9:84:6E:17:10:1A:44:7F:B8:EF:D6, C=HK ST=Hong Kong L=Hong Kong O=Hongkong Post CN=Hongkong Post Root CA 3,Hongkong Post Root CA 3,,Hongkong Post,Hong Kong,Hong Kong,HK,, C=HK ST=Hong Kong L=Hong Kong O=Hongkong Post CN=Hongkong Post Root CA 3,Hongkong Post Root CA 3,,Hongkong Post,Hong Kong,Hong Kong,HK,,46170865288971385588281144162979347873371282084,sha256WithRSAEncryption,sha256WithRSAEncryption,2017-06-03 02:29:46,2042-06-03 02:29:46
f3254b07bc7c1993c5a7f02e1748efc8,49:0A:75:74:DE:87:0A:47:FE:58:EE:F6:C7:6B:EB:C6:0B:12:40:99,9A:11:40:25:19:7C:5B:B9:5D:94:E6:3D:55:CD:43:79:08:47:B6:46:B2:3C:DF:11:AD:A4:A0:0E:FF:15:FB:48, C=NO O=Buypass AS-983163327 CN=Buypass Class 2 Root CA,Buypass Class 2 Root CA,,Buypass AS-983163327,,,NO,, C=NO O=Buypass AS-983163327 CN=Buypass Class 2 Root CA,Buypass Class 2 Root CA,,Buypass AS-983163327,,,NO,,2,sha256WithRSAEncryption,sha256WithRSAEncryption,2010-10-26 08:38:03,2040-10-26 08:38:03
36c6b6089d6c651b55c74e3fc4bb51e1,2F:8F:36:4F:E1:58:97:44:21:59:87:A5:2A:9A:D0:69:95:26:7F:B5,97:55:20:15:F5:DD:FC:3C:87:88:C0:06:94:45:55:40:88:94:45:00:84:F1:00:86:70:86:BC:1A:2B:B5:8D:C8," C=US ST=Illinois L=Chicago O=Trustwave Holdings, Inc. CN=Trustwave Global Certification Authority",Trustwave Global Certification Authority,,"Trustwave Holdings, Inc.",Chicago,Illinois,US,," C=US ST=Illinois L=Chicago O=Trustwave Holdings, Inc. CN=Trustwave Global Certification Authority",Trustwave Global Certification Authority,,"Trustwave Holdings, Inc.",Chicago,Illinois,US,,1846098327275375458322922162,sha256WithRSAEncryption,sha256WithRSAEncryption,2017-08-23 19:34:12,2042-08-23 19:34:12
2178a8614fb375f461472c9b335bbeff,E2:B8:29:4B:55:84:AB:6B:58:C2:90:46:6C:AC:3F:B8:39:8F:84:83,5C:C3:D7:8E:4E:1D:5E:45:54:7A:04:E6:87:3E:64:F9:0C:F9:53:6D:1C:CC:2E:F8:00:F3:55:C4:C5:FD:70:FD, C=CN O=China Financial Certification Authority CN=CFCA EV ROOT,CFCA EV ROOT,,China Financial Certification Authority,,,CN,, C=CN O=China Financial Certification Authority CN=CFCA EV ROOT,CFCA EV ROOT,,China Financial Certification Authority,,,CN,,407555286,sha256WithRSAEncryption,sha256WithRSAEncryption,2012-08-08 03:07:01,2029-12-31 03:07:01
ab94d312110f7d679df267a7c5b6db20,9C:BB:48:53:F6:A4:F6:D3:52:A4:E8:32:52:55:60:13:F5:AD:AF:65,59:76:90:07:F7:68:5D:0F:CD:50:87:2F:9F:95:D5:75:5A:5B:2B:45:7D:81:F3:69:2B:61:0A:98:67:2F:0E:1B, C=TW O=TAIWAN-CA OU=Root CA CN=TWCA Global Root CA,TWCA Global Root CA,Root CA,TAIWAN-CA,,,TW,, C=TW O=TAIWAN-CA OU=Root CA CN=TWCA Global Root CA,TWCA Global Root CA,Root CA,TAIWAN-CA,,,TW,,3262,sha256WithRSAEncryption,sha256WithRSAEncryption,2012-06-27 06:28:33,2030-12-31 15:59:59
b63a6780bf4b6df8198129d817024071,C3:19:7C:39:24:E6:54:AF:1B:C4:AB:20:95:7A:E2:C3:0E:13:02:6A,34:17:BB:06:CC:60:07:DA:1B:96:1C:92:0B:8A:B4:CE:3F:AD:82:0E:4A:A3:0B:9A:CB:C4:A7:4E:BD:CE:BC:65, C=US ST=Texas L=Houston O=SSL Corporation CN=SSL.com Root Certification Authority ECC,SSL.com Root Certification Authority ECC,,SSL Corporation,Houston,Texas,US,, C=US ST=Texas L=Houston O=SSL Corporation CN=SSL.com Root Certification Authority ECC,SSL.com Root Certification Authority ECC,,SSL Corporation,Houston,Texas,US,,8495723813297216424,ecdsa-with-SHA256,ecdsa-with-SHA256,2016-02-12 18:14:03,2041-02-12 18:14:03
1454e786045c456ca41bfb7604b6d19b,76:E2:7E:C1:4F:DB:82:C1:C0:A6:75:B5:05:BE:3D:29:B4:ED:DB:BB,4D:24:91:41:4C:FE:95:67:46:EC:4C:EF:A6:CF:6F:72:E2:8A:13:29:43:2F:9D:8A:90:7A:C4:CB:5D:AD:C1:5A, C=NL O=Staat der Nederlanden CN=Staat der Nederlanden EV Root CA,Staat der Nederlanden EV Root CA,,Staat der Nederlanden,,,NL,, C=NL O=Staat der Nederlanden CN=Staat der Nederlanden EV Root CA,Staat der Nederlanden EV Root CA,,Staat der Nederlanden,,,NL,,10000013,sha256WithRSAEncryption,sha256WithRSAEncryption,2010-12-08 11:19:29,2022-12-08 11:10:28
131678a28a71d3e689823a5a90f0be3a,36:79:CA:35:66:87:72:30:4D:30:A5:FB:87:3B:0F:A7:7B:B7:0D:54,23:99:56:11:27:A5:71:25:DE:8C:EF:EA:61:0D:DF:2F:A0:78:B5:C8:06:7F:4E:82:82:90:BF:B8:60:E8:4B:3C," C=US O=VeriSign, Inc. OU=VeriSign Trust Network OU=(c) 2008 VeriSign, Inc. - For authorized use only CN=VeriSign Universal Root Certification Authority",VeriSign Universal Root Certification Authority,VeriSign Trust Network,"VeriSign, Inc.",,,US,," C=US O=VeriSign, Inc. OU=VeriSign Trust Network OU=(c) 2008 VeriSign, Inc. - For authorized use only CN=VeriSign Universal Root Certification Authority",VeriSign Universal Root Certification Authority,VeriSign Trust Network,"VeriSign, Inc.",,,US,,85209574734084581917763752644031726877,sha256WithRSAEncryption,sha256WithRSAEncryption,2008-04-02 00:00:00,2037-12-01 23:59:59
d031cdb358845e0b2ee70acc4de9afc4,DF:71:7E:AA:4A:D9:4E:C9:55:84:99:60:2D:48:DE:5F:BC:F0:3A:25,5D:56:49:9B:E4:D2:E0:8B:CF:CA:D0:8A:3E:38:72:3D:50:50:3B:DE:70:69:48:E4:2F:55:60:30:19:E5:28:AE, C=US O=IdenTrust CN=IdenTrust Commercial Root CA 1,IdenTrust Commercial Root CA 1,,IdenTrust,,,US,, C=US O=IdenTrust CN=IdenTrust Commercial Root CA 1,IdenTrust Commercial Root CA 1,,IdenTrust,,,US,,13298821034946342390520003877796839426,sha256WithRSAEncryption,sha256WithRSAEncryption,2014-01-16 18:12:23,2034-01-16 18:12:23
671d1083f767612318f4c289b0bff9b8,92:5A:8F:8D:2C:6D:04:E0:66:5F:59:6A:FF:22:D8:63:E8:25:6F:3F,56:8D:69:05:A2:C8:87:08:A4:B3:02:51:90:ED:CF:ED:B1:97:4A:60:6A:13:C6:E5:29:0F:CB:2A:E6:3E:DA:B5," C=US ST=Arizona L=Scottsdale O=Starfield Technologies, Inc. CN=Starfield Services Root Certificate Authority - G2",Starfield Services Root Certificate Authority - G2,,"Starfield Technologies, Inc.",Scottsdale,Arizona,US,," C=US ST=Arizona L=Scottsdale O=Starfield Technologies, Inc. CN=Starfield Services Root Certificate Authority - G2",Starfield Services Root Certificate Authority - G2,,"Starfield Technologies, Inc.",Scottsdale,Arizona,US,,0,sha256WithRSAEncryption,sha256WithRSAEncryption,2009-09-01 00:00:00,2037-12-31 23:59:59
35e6f022e037ca5d763302664e8bd027,4C:DD:51:A3:D1:F5:20:32:14:B0:C6:C5:32:23:03:91:C7:46:42:6D,22:A2:C1:F7:BD:ED:70:4C:C1:E7:01:B5:F4:08:C3:10:88:0F:E9:56:B5:DE:2A:4A:44:F9:9C:87:3A:25:A7:C8, C=US ST=Texas L=Houston O=SSL Corporation CN=SSL.com EV Root Certification Authority ECC,SSL.com EV Root Certification Authority ECC,,SSL Corporation,Houston,Texas,US,, C=US ST=Texas L=Houston O=SSL Corporation CN=SSL.com EV Root Certification Authority ECC,SSL.com EV Root Certification Authority ECC,,SSL Corporation,Houston,Texas,US,,3182246526754555285,ecdsa-with-SHA256,ecdsa-with-SHA256,2016-02-12 18:15:23,2041-02-12 18:15:23
859b351fa581f942f4c4cf869932f8d1,D4:DE:20:D0:5E:66:FC:53:FE:1A:50:88:2C:78:DB:28:52:CA:E4:74,16:AF:57:A9:F6:76:B0:AB:12:60:95:AA:5E:BA:DE:F2:2A:B3:11:19:D6:44:AC:95:CD:4B:93:DB:F3:F2:6A:EB, C=IE O=Baltimore OU=CyberTrust CN=Baltimore CyberTrust Root,Baltimore CyberTrust Root,CyberTrust,Baltimore,,,IE,, C=IE O=Baltimore OU=CyberTrust CN=Baltimore CyberTrust Root,Baltimore CyberTrust Root,CyberTrust,Baltimore,,,IE,,33554617,sha1WithRSAEncryption,sha1WithRSAEncryption,2000-05-12 18:46:00,2025-05-12 23:59:00
4cc4d6f0ed98ede894175ae5a86d1a03,59:0D:2D:7D:88:4F:40:2E:61:7E:A5:62:32:17:65:CF:17:D8:94:E9,91:E2:F5:78:8D:58:10:EB:A7:BA:58:73:7D:E1:54:8A:8E:CA:CD:01:45:98:BC:0B:14:3E:04:1B:17:05:25:52, C=DE O=T-Systems Enterprise Services GmbH OU=T-Systems Trust Center CN=T-TeleSec GlobalRoot Class 2,T-TeleSec GlobalRoot Class 2,T-Systems Trust Center,T-Systems Enterprise Services GmbH,,,DE,, C=DE O=T-Systems Enterprise Services GmbH OU=T-Systems Trust Center CN=T-TeleSec GlobalRoot Class 2,T-TeleSec GlobalRoot Class 2,T-Systems Trust Center,T-Systems Enterprise Services GmbH,,,DE,,1,sha256WithRSAEncryption,sha256WithRSAEncryption,2008-10-01 10:40:14,2033-10-01 23:59:59
82d8db3d0f0ed3a0bbb660d225437e9c,A3:A1:B0:6F:24:61:23:4A:E3:36:A5:C2:37:FC:A6:FF:DD:F0:D7:3A,D4:3A:F9:B3:54:73:75:5C:96:84:FC:06:D7:D8:CB:70:EE:5C:28:E7:73:FB:29:4E:B4:1E:E7:17:22:92:4D:24, C=CN O=UniTrust CN=UCA Extended Validation Root,UCA Extended Validation Root,,UniTrust,,,CN,, C=CN O=UniTrust CN=UCA Extended Validation Root,UCA Extended Validation Root,,UniTrust,,,CN,,106100277556486529736699587978573607008,sha256WithRSAEncryption,sha256WithRSAEncryption,2015-03-13 00:00:00,2038-12-31 00:00:00
93f7d849cf27490c354b73b6b5e01b20,67:65:0D:F1:7E:8E:7E:5B:82:40:A4:F4:56:4B:CF:E2:3D:69:C6:F0,C0:A6:F4:DC:63:A2:4B:FD:CF:54:EF:2A:6A:08:2A:0A:72:DE:35:80:3E:2F:F5:FF:52:7A:E5:D8:72:06:DF:D5," C=TW O=Chunghwa Telecom Co., Ltd. OU=ePKI Root Certification Authority",,ePKI Root Certification Authority,"Chunghwa Telecom Co., Ltd.",,,TW,," C=TW O=Chunghwa Telecom Co., Ltd. OU=ePKI Root Certification Authority",,ePKI Root Certification Authority,"Chunghwa Telecom Co., Ltd.",,,TW,,28956088682735189655030529057352760477,sha1WithRSAEncryption,sha1WithRSAEncryption,2004-12-20 02:31:27,2034-12-20 02:31:27
c56899a1afccf3c4bc40c787e45fe244,80:94:64:0E:B5:A7:A1:CA:11:9C:1F:DD:D5:9F:81:02:63:A7:FB:D1,2C:AB:EA:FE:37:D0:6C:A2:2A:BA:73:91:C0:03:3D:25:98:29:52:C4:53:64:73:49:76:3A:3A:B5:AD:6C:CF:69, OU=GlobalSign Root CA - R6 O=GlobalSign CN=GlobalSign,GlobalSign,GlobalSign Root CA - R6,GlobalSign,,,,, OU=GlobalSign Root CA - R6 O=GlobalSign CN=GlobalSign,GlobalSign,GlobalSign Root CA - R6,GlobalSign,,,,,1417766617973444989252670301619537,sha384WithRSAEncryption,sha384WithRSAEncryption,2014-12-10 00:00:00,2034-12-10 00:00:00
12a785c4eb34ad2dc6319eda1676c016,B1:BC:96:8B:D4:F4:9D:62:2A:A8:9A:81:F2:15:01:52:A4:1D:82:9C,EB:D4:10:40:E4:BB:3E:C7:42:C9:E3:81:D3:1E:F2:A4:1A:48:B6:68:5C:96:E7:CE:F3:C1:DF:6C:D4:33:1C:99, C=BE O=GlobalSign nv-sa OU=Root CA CN=GlobalSign Root CA,GlobalSign Root CA,Root CA,GlobalSign nv-sa,,,BE,, C=BE O=GlobalSign nv-sa OU=Root CA CN=GlobalSign Root CA,GlobalSign Root CA,Root CA,GlobalSign nv-sa,,,BE,,4835703278459707669005204,sha1WithRSAEncryption,sha1WithRSAEncryption,1998-09-01 12:00:00,2028-01-28 12:00:00
5e9832b05eccf3dc86e4b5819a60deed,2D:0D:52:14:FF:9E:AD:99:24:01:74:20:47:6E:6C:85:27:27:F5:43,D4:8D:3D:23:EE:DB:50:A4:59:E5:51:97:60:1C:27:77:4B:9D:7B:18:C9:4D:5A:05:95:11:A1:02:50:B9:31:68, C=FR O=Dhimyotis OU=0002 48146308100036 CN=Certigna Root CA,Certigna Root CA,0002 48146308100036,Dhimyotis,,,FR,, C=FR O=Dhimyotis OU=0002 48146308100036 CN=Certigna Root CA,Certigna Root CA,0002 48146308100036,Dhimyotis,,,FR,,269714418870597844693661054334862075617,sha256WithRSAEncryption,sha256WithRSAEncryption,2013-10-01 08:32:27,2033-10-01 08:32:27
c5c9215d476253d6636f35e2f091c6dc,99:9A:64:C3:7F:F4:7D:9F:AB:95:F1:47:69:89:14:60:EE:C4:C3:C5,35:8D:F3:9D:76:4A:F9:E1:B7:66:E9:C9:72:DF:35:2E:E1:5C:FA:C2:27:AF:6A:D1:D7:0E:8E:4A:6E:DC:BA:02, C=US O=Microsoft Corporation CN=Microsoft ECC Root Certificate Authority 2017,Microsoft ECC Root Certificate Authority 2017,,Microsoft Corporation,,,US,, C=US O=Microsoft Corporation CN=Microsoft ECC Root Certificate Authority 2017,Microsoft ECC Root Certificate Authority 2017,,Microsoft Corporation,,,US,,136839042543790627607696632466672567020,ecdsa-with-SHA384,ecdsa-with-SHA384,2019-12-18 23:06:45,2042-07-18 23:16:04
f73ddf8f9efd57af9de6da9eb242a679,D1:EB:23:A4:6D:17:D6:8F:D9:25:64:C2:F1:F1:60:17:64:D8:E3:49,D7:A7:A0:FB:5D:7E:27:31:D7:71:E9:48:4E:BC:DE:F7:1D:5F:0C:3E:0A:29:48:78:2B:C8:3E:E0:EA:69:9E:F4, C=GB ST=Greater Manchester L=Salford O=Comodo CA Limited CN=AAA Certificate Services,AAA Certificate Services,,Comodo CA Limited,Salford,Greater Manchester,GB,, C=GB ST=Greater Manchester L=Salford O=Comodo CA Limited CN=AAA Certificate Services,AAA Certificate Services,,Comodo CA Limited,Salford,Greater Manchester,GB,,1,sha1WithRSAEncryption,sha1WithRSAEncryption,2004-01-01 00:00:00,2028-12-31 23:59:59
7cfa31ddbc7501e6ef65e8ff2cc25316,06:08:3F:59:3F:15:A1:04:A0:69:A4:6B:A9:03:D0:06:B7:97:09:91,6C:61:DA:C3:A2:DE:F0:31:50:6B:E0:36:D2:A6:FE:40:19:94:FB:D1:3D:F9:C8:D4:66:59:92:74:C4:46:EC:98, C=HU L=Budapest O=NetLock Kft. OU=Tanúsítványkiadók (Certification Services) CN=NetLock Arany (Class Gold) Főtanúsítvány,NetLock Arany (Class Gold) Főtanúsítvány,Tanúsítványkiadók (Certification Services),NetLock Kft.,Budapest,,HU,, C=HU L=Budapest O=NetLock Kft. OU=Tanúsítványkiadók (Certification Services) CN=NetLock Arany (Class Gold) Főtanúsítvány,NetLock Arany (Class Gold) Főtanúsítvány,Tanúsítványkiadók (Certification Services),NetLock Kft.,Budapest,,HU,,80544274841616,sha256WithRSAEncryption,sha256WithRSAEncryption,2008-12-11 15:08:21,2028-12-06 15:08:21
5943fcf9a3a100a425c079d1f5dd184e,5F:B7:EE:06:33:E2:59:DB:AD:0C:4C:9A:E6:D3:8F:1A:61:C7:DC:25,74:31:E5:F4:C3:C1:CE:46:90:77:4F:0B:61:E0:54:40:88:3B:A9:A0:1E:D0:0B:A6:AB:D7:80:6E:D3:B1:18:CF, C=US O=DigiCert Inc OU=www.digicert.com CN=DigiCert High Assurance EV Root CA,DigiCert High Assurance EV Root CA,www.digicert.com,DigiCert Inc,,,US,, C=US O=DigiCert Inc OU=www.digicert.com CN=DigiCert High Assurance EV Root CA,DigiCert High Assurance EV Root CA,www.digicert.com,DigiCert Inc,,,US,,3553400076410547919724730734378100087,sha1WithRSAEncryption,sha1WithRSAEncryption,2006-11-10 00:00:00,2031-11-10 00:00:00
2b35966f417fc0a951b7bcda4a4c55e3,74:F8:A3:C3:EF:E7:B3:90:06:4B:83:90:3C:21:64:60:20:E5:DF:CE,15:F0:BA:00:A3:AC:7A:F3:AC:88:4C:07:2B:10:11:A0:77:BD:77:C0:97:F4:01:64:B2:F8:59:8A:BD:83:86:0C, C=US O=Network Solutions L.L.C. CN=Network Solutions Certificate Authority,Network Solutions Certificate Authority,,Network Solutions L.L.C.,,,US,, C=US O=Network Solutions L.L.C. CN=Network Solutions Certificate Authority,Network Solutions Certificate Authority,,Network Solutions L.L.C.,,,US,,116697915152937497490437556386812487904,sha1WithRSAEncryption,sha1WithRSAEncryption,2006-12-01 00:00:00,2029-12-31 23:59:59
b13da5b728108b252acc783d186b3c2b,69:69:56:2E:40:80:F4:24:A1:E7:19:9F:14:BA:F3:EE:58:AB:6A:BB,BE:C9:49:11:C2:95:56:76:DB:6C:0A:55:09:86:D7:6E:3B:A0:05:66:7C:44:2C:97:62:B4:FB:B7:73:DE:22:8C, OU=GlobalSign ECC Root CA - R4 O=GlobalSign CN=GlobalSign,GlobalSign,GlobalSign ECC Root CA - R4,GlobalSign,,,,, OU=GlobalSign ECC Root CA - R4 O=GlobalSign CN=GlobalSign,GlobalSign,GlobalSign ECC Root CA - R4,GlobalSign,,,,,14367148294922964480859022125800977897474,ecdsa-with-SHA256,ecdsa-with-SHA256,2012-11-13 00:00:00,2038-01-19 03:14:07
ce558f393a1d0469e6f9ce3d841cf24e,2B:8F:1B:57:33:0D:BB:A2:D0:7A:6C:51:F7:0E:E9:0D:DA:B9:AD:8E,E7:93:C9:B0:2F:D8:AA:13:E2:1C:31:22:8A:CC:B0:81:19:64:3B:74:9C:89:89:64:B1:74:6D:46:C3:D4:CB:D2, C=US ST=New Jersey L=Jersey City O=The USERTRUST Network CN=USERTrust RSA Certification Authority,USERTrust RSA Certification Authority,,The USERTRUST Network,Jersey City,New Jersey,US,, C=US ST=New Jersey L=Jersey City O=The USERTRUST Network CN=USERTrust RSA Certification Authority,USERTrust RSA Certification Authority,,The USERTRUST Network,Jersey City,New Jersey,US,,2645093764781058787591871645665788717,sha384WithRSAEncryption,sha384WithRSAEncryption,2010-02-01 00:00:00,2038-01-18 23:59:59
3c40c4c8b69508df763fa3198cfe787b,E0:11:84:5E:34:DE:BE:88:81:B9:9C:F6:16:26:D1:96:1F:C3:B9:31,85:60:F9:1C:36:24:DA:BA:95:70:B5:FE:A0:DB:E3:6F:F1:1A:83:23:BE:94:86:85:4F:B3:F3:4A:55:71:19:8D, C=CH O=WISeKey OU=OISTE Foundation Endorsed CN=OISTE WISeKey Global Root GC CA,OISTE WISeKey Global Root GC CA,OISTE Foundation Endorsed,WISeKey,,,CH,, C=CH O=WISeKey OU=OISTE Foundation Endorsed CN=OISTE WISeKey Global Root GC CA,OISTE WISeKey Global Root GC CA,OISTE Foundation Endorsed,WISeKey,,,CH,,44084345621038548146064804565436152554,ecdsa-with-SHA384,ecdsa-with-SHA384,2017-05-09 09:48:34,2042-05-09 09:58:33
95fbd189ace4d21340017dc3ad28e957,B3:1E:B1:B7:40:E3:6C:84:02:DA:DC:37:D4:4D:F5:D4:67:49:52:F9,73:C1:76:43:4F:1B:C6:D5:AD:F4:5B:0E:76:E7:27:28:7C:8D:E5:76:16:C1:E6:E6:14:1A:2B:2C:BC:7D:8E:4C," C=US O=Entrust, Inc. OU=www.entrust.net/CPS is incorporated by reference OU=(c) 2006 Entrust, Inc. CN=Entrust Root Certification Authority",Entrust Root Certification Authority,www.entrust.net/CPS is incorporated by reference,"Entrust, Inc.",,,US,," C=US O=Entrust, Inc. OU=www.entrust.net/CPS is incorporated by reference OU=(c) 2006 Entrust, Inc. CN=Entrust Root Certification Authority",Entrust Root Certification Authority,www.entrust.net/CPS is incorporated by reference,"Entrust, Inc.",,,US,,1164660820,sha1WithRSAEncryption,sha1WithRSAEncryption,2006-11-27 20:23:42,2026-11-27 20:53:42
56630396f99ada71e891262ef2597729,FA:B7:EE:36:97:26:62:FB:2D:B0:2A:F6:BF:03:FD:E8:7C:4B:2F:9B,EA:A9:62:C4:FA:4A:6B:AF:EB:E4:15:19:6D:35:1C:CD:88:8D:4F:53:F3:FA:8A:E6:D7:C4:66:A9:4E:60:42:BB, C=RO O=certSIGN OU=certSIGN ROOT CA,,certSIGN ROOT CA,certSIGN,,,RO,, C=RO O=certSIGN OU=certSIGN ROOT CA,,certSIGN ROOT CA,certSIGN,,,RO,,35210227249154,sha1WithRSAEncryption,sha1WithRSAEncryption,2006-07-04 17:20:04,2031-07-04 17:20:04
66ed9f1105264c03f88881e22040f051,37:F7:6D:E6:07:7C:90:C5:B1:3E:93:1A:B7:41:10:B4:F2:E4:9A:27,79:08:B4:03:14:C1:38:10:0B:51:8D:07:35:80:7F:FB:FC:F8:51:8A:00:95:33:71:05:BA:38:6B:15:3D:D9:27, C=FI O=Sonera CN=Sonera Class2 CA,Sonera Class2 CA,,Sonera,,,FI,, C=FI O=Sonera CN=Sonera Class2 CA,Sonera Class2 CA,,Sonera,,,FI,,29,sha1WithRSAEncryption,sha1WithRSAEncryption,2001-04-06 07:29:40,2021-04-06 07:29:40
b21cb4369bf8e0be8b3d959e66135f36,20:D8:06:40:DF:9B:25:F5:12:25:3A:11:EA:F7:59:8A:EB:14:B5:47,02:ED:0E:B2:8C:14:DA:45:16:5C:56:67:91:70:0D:64:51:D7:FB:56:F0:B2:AB:1D:3B:8E:B0:70:E5:6E:DF:F5," C=US O=Entrust, Inc. OU=See www.entrust.net/legal-terms OU=(c) 2012 Entrust, Inc. - for authorized use only CN=Entrust Root Certification Authority - EC1",Entrust Root Certification Authority - EC1,See www.entrust.net/legal-terms,"Entrust, Inc.",,,US,," C=US O=Entrust, Inc. OU=See www.entrust.net/legal-terms OU=(c) 2012 Entrust, Inc. - for authorized use only CN=Entrust Root Certification Authority - EC1",Entrust Root Certification Authority - EC1,See www.entrust.net/legal-terms,"Entrust, Inc.",,,US,,51543124481930649114116133369,ecdsa-with-SHA384,ecdsa-with-SHA384,2012-12-18 15:25:36,2037-12-18 15:55:36
2800cf0013d2e031db17b8e272679c87,F3:73:B3:87:06:5A:28:84:8A:F2:F3:4A:CE:19:2B:DD:C7:8E:9C:AC,55:92:60:84:EC:96:3A:64:B9:6E:2A:BE:01:CE:0B:A8:6A:64:FB:FE:BC:C7:AA:B5:AF:C1:55:B3:7F:D7:60:66, C=IT L=Milan O=Actalis S.p.A./03358520967 CN=Actalis Authentication Root CA,Actalis Authentication Root CA,,Actalis S.p.A./03358520967,Milan,,IT,, C=IT L=Milan O=Actalis S.p.A./03358520967 CN=Actalis Authentication Root CA,Actalis Authentication Root CA,,Actalis S.p.A./03358520967,Milan,,IT,,6271844772424770508,sha256WithRSAEncryption,sha256WithRSAEncryption,2011-09-22 11:22:02,2030-09-22 11:22:02
ef75545706b6a40502f6a0f4416d6a1f,2A:1D:60:27:D9:4A:B1:0A:1C:4D:91:5C:CD:33:A0:CB:3E:2D:54:CB,71:CC:A5:39:1F:9E:79:4B:04:80:25:30:B3:63:E1:21:DA:8A:30:43:BB:26:66:2F:EA:4D:CA:7F:C9:51:A4:BD, C=US O=Google Trust Services LLC CN=GTS Root R4,GTS Root R4,,Google Trust Services LLC,,,US,, C=US O=Google Trust Services LLC CN=GTS Root R4,GTS Root R4,,Google Trust Services LLC,,,US,,146587176229350439916519468929765261721,ecdsa-with-SHA384,ecdsa-with-SHA384,2016-06-22 00:00:00,2036-06-22 00:00:00
0a25324ee461f16450b79ef8afa6fb4d,D6:DA:A8:20:8D:09:D2:15:4D:24:B5:2F:CB:34:6E:B2:58:B2:8A:58,F9:E6:7D:33:6C:51:00:2A:C0:54:C6:32:02:2D:66:DD:A2:E7:E3:FF:F1:0A:D0:61:ED:31:D8:BB:B4:10:CF:B2, C=HK O=Hongkong Post CN=Hongkong Post Root CA 1,Hongkong Post Root CA 1,,Hongkong Post,,,HK,, C=HK O=Hongkong Post CN=Hongkong Post Root CA 1,Hongkong Post Root CA 1,,Hongkong Post,,,HK,,1000,sha1WithRSAEncryption,sha1WithRSAEncryption,2003-05-15 05:13:14,2023-05-15 04:52:29
afc3424506ed847f85879ccbdf04731f,74:3A:F0:52:9B:D0:32:A0:F4:4A:83:CD:D4:BA:A9:7B:7C:2E:C4:9A,2E:7B:F1:6C:C2:24:85:A7:BB:E2:AA:86:96:75:07:61:B0:AE:39:BE:3B:2F:E9:D0:CC:6D:4E:F7:34:91:42:5C, C=US ST=Texas L=Houston O=SSL Corporation CN=SSL.com EV Root Certification Authority RSA R2,SSL.com EV Root Certification Authority RSA R2,,SSL Corporation,Houston,Texas,US,, C=US ST=Texas L=Houston O=SSL Corporation CN=SSL.com EV Root Certification Authority RSA R2,SSL.com EV Root Certification Authority RSA R2,,SSL Corporation,Houston,Texas,US,,6248227494352943350,sha256WithRSAEncryption,sha256WithRSAEncryption,2017-05-31 18:14:37,2042-05-30 18:14:37
aa3e1c571de229d43aee5581af0ad090,9B:AA:E5:9F:56:EE:21:CB:43:5A:BE:25:93:DF:A7:F0:40:D1:1D:CB,BE:6C:4D:A2:BB:B9:BA:59:B6:F3:93:97:68:37:42:46:C3:C0:05:99:3F:A9:8F:02:0D:1D:ED:BE:D4:8A:81:D5, C=CH O=SwissSign AG CN=SwissSign Silver CA - G2,SwissSign Silver CA - G2,,SwissSign AG,,,CH,, C=CH O=SwissSign AG CN=SwissSign Silver CA - G2,SwissSign Silver CA - G2,,SwissSign AG,,,CH,,5700383053117599563,sha1WithRSAEncryption,sha1WithRSAEncryption,2006-10-25 08:32:46,2036-10-25 08:32:46
ef8e13fc6d2a4f89f2f3366c48936fd9,D8:C5:38:8A:B7:30:1B:1B:6E:D4:7A:E6:45:25:3A:6F:9F:1A:27:61,62:DD:0B:E9:B9:F5:0A:16:3E:A0:F8:E7:5C:05:3B:1E:CA:57:EA:55:C8:68:8F:64:7C:68:81:F2:C8:35:7B:95, C=CH O=SwissSign AG CN=SwissSign Gold CA - G2,SwissSign Gold CA - G2,,SwissSign AG,,,CH,, C=CH O=SwissSign AG CN=SwissSign Gold CA - G2,SwissSign Gold CA - G2,,SwissSign AG,,,CH,,13492815561806991280,sha1WithRSAEncryption,sha1WithRSAEncryption,2006-10-25 08:30:35,2036-10-25 08:30:35
dda3457a1c3a064151a1293c251fb2ec,73:A5:E6:4A:3B:FF:83:16:FF:0E:DC:CC:61:8A:90:6E:4E:AE:4D:74,C7:41:F7:0F:4B:2A:8D:88:BF:2E:71:C1:41:22:EF:53:EF:10:EB:A0:CF:A5:E6:4C:FA:20:F4:18:85:30:73:E0, C=US O=Microsoft Corporation CN=Microsoft RSA Root Certificate Authority 2017,Microsoft RSA Root Certificate Authority 2017,,Microsoft Corporation,,,US,, C=US O=Microsoft Corporation CN=Microsoft RSA Root Certificate Authority 2017,Microsoft RSA Root Certificate Authority 2017,,Microsoft Corporation,,,US,,40975477897264996090493496164228220339,sha384WithRSAEncryption,sha384WithRSAEncryption,2019-12-18 22:51:22,2042-07-18 23:00:23
4bcbb430037109b01dca457d61f6c631,CA:3A:FB:CF:12:40:36:4B:44:B2:16:20:88:80:48:39:19:93:7C:F7,85:A0:DD:7D:D7:20:AD:B7:FF:05:F8:3D:54:2B:20:9D:C7:FF:45:28:F7:D6:77:B1:83:89:FE:A5:E5:C4:9E:86, C=BM O=QuoVadis Limited CN=QuoVadis Root CA 2,QuoVadis Root CA 2,,QuoVadis Limited,,,BM,, C=BM O=QuoVadis Limited CN=QuoVadis Root CA 2,QuoVadis Root CA 2,,QuoVadis Limited,,,BM,,1289,sha1WithRSAEncryption,sha1WithRSAEncryption,2006-11-24 18:27:00,2031-11-24 18:23:33
304c1cd1ae8697d530482c3277f7993a,5A:8C:EF:45:D7:A6:98:59:76:7A:8C:8B:44:96:B5:78:CF:47:4B:1A,1B:A5:B2:AA:8C:65:40:1A:82:96:01:18:F8:0B:EC:4F:62:30:4D:83:CE:C4:71:3A:19:C3:9C:01:1E:A4:6D:B4, C=US O=Amazon CN=Amazon Root CA 2,Amazon Root CA 2,,Amazon,,,US,, C=US O=Amazon CN=Amazon Root CA 2,Amazon Root CA 2,,Amazon,,,US,,143266982885963551818349160658925006970653239,sha384WithRSAEncryption,sha384WithRSAEncryption,2015-05-26 00:00:00,2040-05-26 00:00:00
5271fa060ca60d62276d13c674c7ee8e,4A:BD:EE:EC:95:0D:35:9C:89:AE:C7:52:A1:2C:5B:29:F6:D6:AA:0C,13:63:35:43:93:34:A7:69:80:16:A0:D3:24:DE:72:28:4E:07:9D:7B:52:20:BB:8F:BD:74:78:16:EE:BE:BA:CA, C=EU L=Madrid (see current address at www.camerfirma.com/address) serialNumber=A82743287 O=AC Camerfirma S.A. CN=Global Chambersign Root - 2008,Global Chambersign Root - 2008,,AC Camerfirma S.A.,Madrid (see current address at www.camerfirma.com/address),,EU,, C=EU L=Madrid (see current address at www.camerfirma.com/address) serialNumber=A82743287 O=AC Camerfirma S.A. CN=Global Chambersign Root - 2008,Global Chambersign Root - 2008,,AC Camerfirma S.A.,Madrid (see current address at www.camerfirma.com/address),,EU,,14541511773111788494,sha1WithRSAEncryption,sha1WithRSAEncryption,2008-08-01 12:31:40,2038-07-31 12:31:40
bf2a03cf199b9569274e001bbed5193c,BA:29:41:60:77:98:3F:F4:F3:EF:F2:31:05:3B:2E:EA:6D:4D:45:FD,30:D0:89:5A:9A:44:8A:26:20:91:63:55:22:D1:F5:20:10:B5:86:7A:CA:E1:2C:78:EF:95:8F:D4:F4:38:9F:2F, C=US O=IdenTrust CN=IdenTrust Public Sector Root CA 1,IdenTrust Public Sector Root CA 1,,IdenTrust,,,US,, C=US O=IdenTrust CN=IdenTrust Public Sector Root CA 1,IdenTrust Public Sector Root CA 1,,IdenTrust,,,US,,13298821034946342390521976156843933698,sha256WithRSAEncryption,sha256WithRSAEncryption,2014-01-16 17:53:32,2034-01-16 17:53:32
